file_id,subset_id,relative_file_path,rpm_mean,torque_mean_nm,rpm_bin,torque_bin,stratum,split,split_version,random_seed
A-0000,A_full_set,dataset/audio/A_full_set/001_Engine-A.wav,1435.0161818630972,-13.552642191651714,0,1,R0_T1,train,SPLIT-001,42
A-0001,A_full_set,dataset/audio/A_full_set/002_Engine-A.wav,1143.547198701357,165.08299726780837,0,2,R0_T2,train,SPLIT-001,42
A-0002,A_full_set,dataset/audio/A_full_set/003_Engine-A.wav,5336.456116880505,-22.20480807751498,3,0,R3_T0,train,SPLIT-001,42
A-0003,A_full_set,dataset/audio/A_full_set/004_Engine-A.wav,2127.8594350998574,1.9248336955531715,1,1,R1_T1,validation,SPLIT-001,42
A-0004,A_full_set,dataset/audio/A_full_set/005_Engine-A.wav,1197.9045146450574,158.6580518705044,0,2,R0_T2,train,SPLIT-001,42
A-0005,A_full_set,dataset/audio/A_full_set/006_Engine-A.wav,2232.5108608256187,-34.28137957565183,1,0,R1_T0,train,SPLIT-001,42
A-0006,A_full_set,dataset/audio/A_full_set/007_Engine-A.wav,648.8434148028614,7.425955692280922,0,1,R0_T1,validation,SPLIT-001,42
A-0007,A_full_set,dataset/audio/A_full_set/008_Engine-A.wav,5508.232054154724,152.54962600666656,3,2,R3_T2,train,SPLIT-001,42
A-0008,A_full_set,dataset/audio/A_full_set/009_Engine-A.wav,3363.101113585599,171.82572026239825,2,2,R2_T2,validation,SPLIT-001,42
A-0009,A_full_set,dataset/audio/A_full_set/010_Engine-A.wav,4547.9325793299895,85.92837904849996,3,2,R3_T2,train,SPLIT-001,42
A-0010,A_full_set,dataset/audio/A_full_set/011_Engine-A.wav,3788.991159992166,-85.21224479365155,2,0,R2_T0,test,SPLIT-001,42
A-0011,A_full_set,dataset/audio/A_full_set/012_Engine-A.wav,5646.948964292118,-16.441665587386463,3,1,R3_T1,train,SPLIT-001,42
A-0012,A_full_set,dataset/audio/A_full_set/013_Engine-A.wav,2865.2097665843603,165.83980002054355,1,2,R1_T2,train,SPLIT-001,42
A-0013,A_full_set,dataset/audio/A_full_set/014_Engine-A.wav,2715.621757866524,455.91268560756174,1,3,R1_T3,train,SPLIT-001,42
A-0014,A_full_set,dataset/audio/A_full_set/015_Engine-A.wav,743.9470748170115,-7.662276680857991,0,1,R0_T1,test,SPLIT-001,42
A-0015,A_full_set,dataset/audio/A_full_set/016_Engine-A.wav,2855.5250798460597,287.3857157534054,1,3,R1_T3,train,SPLIT-001,42
A-0016,A_full_set,dataset/audio/A_full_set/017_Engine-A.wav,5558.601123013794,189.6934573372528,3,2,R3_T2,validation,SPLIT-001,42
A-0017,A_full_set,dataset/audio/A_full_set/018_Engine-A.wav,3598.37461255385,-60.93552593768973,2,0,R2_T0,train,SPLIT-001,42
A-0018,A_full_set,dataset/audio/A_full_set/019_Engine-A.wav,2899.9274328795227,-49.80592040188591,1,0,R1_T0,validation,SPLIT-001,42
A-0019,A_full_set,dataset/audio/A_full_set/020_Engine-A.wav,1498.2322579153831,-17.0809165313638,0,1,R0_T1,test,SPLIT-001,42
A-0020,A_full_set,dataset/audio/A_full_set/021_Engine-A.wav,2893.656139322089,169.68702910715325,1,2,R1_T2,train,SPLIT-001,42
A-0021,A_full_set,dataset/audio/A_full_set/022_Engine-A.wav,5727.639209674949,454.1731725346429,3,3,R3_T3,test,SPLIT-001,42
A-0022,A_full_set,dataset/audio/A_full_set/023_Engine-A.wav,3898.1029287959536,226.54151367227527,2,3,R2_T3,test,SPLIT-001,42
A-0023,A_full_set,dataset/audio/A_full_set/024_Engine-A.wav,3361.109129846257,-59.77773676719769,2,0,R2_T0,train,SPLIT-001,42
A-0024,A_full_set,dataset/audio/A_full_set/025_Engine-A.wav,1105.0621782214985,-7.254858611398919,0,1,R0_T1,train,SPLIT-001,42
A-0025,A_full_set,dataset/audio/A_full_set/026_Engine-A.wav,1806.510924776072,-26.15137813537101,1,0,R1_T0,test,SPLIT-001,42
A-0026,A_full_set,dataset/audio/A_full_set/027_Engine-A.wav,2980.756267041049,213.11481584378373,1,2,R1_T2,train,SPLIT-001,42
A-0027,A_full_set,dataset/audio/A_full_set/028_Engine-A.wav,2759.106478393885,-49.23111504655543,1,0,R1_T0,train,SPLIT-001,42
A-0028,A_full_set,dataset/audio/A_full_set/029_Engine-A.wav,5133.458681265669,452.46497659383743,3,3,R3_T3,train,SPLIT-001,42
A-0029,A_full_set,dataset/audio/A_full_set/030_Engine-A.wav,3640.12176648065,168.96693216752877,2,2,R2_T2,train,SPLIT-001,42
A-0030,A_full_set,dataset/audio/A_full_set/031_Engine-A.wav,5602.841063321215,-67.78247596569432,3,0,R3_T0,train,SPLIT-001,42
A-0031,A_full_set,dataset/audio/A_full_set/032_Engine-A.wav,6313.836515276102,322.5875840026097,3,3,R3_T3,test,SPLIT-001,42
A-0032,A_full_set,dataset/audio/A_full_set/033_Engine-A.wav,3891.192217570979,-69.59279533324202,2,0,R2_T0,train,SPLIT-001,42
A-0033,A_full_set,dataset/audio/A_full_set/034_Engine-A.wav,1332.961373988206,-11.391501853136512,0,1,R0_T1,train,SPLIT-001,42
A-0034,A_full_set,dataset/audio/A_full_set/035_Engine-A.wav,2573.109830944196,-47.02520778831751,1,0,R1_T0,train,SPLIT-001,42
A-0035,A_full_set,dataset/audio/A_full_set/036_Engine-A.wav,4846.283491904819,36.54776549920803,3,1,R3_T1,train,SPLIT-001,42
A-0036,A_full_set,dataset/audio/A_full_set/037_Engine-A.wav,1505.028728991193,179.6683140625298,0,2,R0_T2,train,SPLIT-001,42
A-0037,A_full_set,dataset/audio/A_full_set/038_Engine-A.wav,1125.961659182566,-4.810048166171525,0,1,R0_T1,validation,SPLIT-001,42
A-0038,A_full_set,dataset/audio/A_full_set/039_Engine-A.wav,788.3185017853975,-10.207086242735386,0,1,R0_T1,train,SPLIT-001,42
A-0039,A_full_set,dataset/audio/A_full_set/040_Engine-A.wav,3437.3634643347928,112.9709882141775,2,2,R2_T2,test,SPLIT-001,42
A-0040,A_full_set,dataset/audio/A_full_set/041_Engine-A.wav,1825.3230872839124,-22.36503906043241,1,0,R1_T0,train,SPLIT-001,42
A-0041,A_full_set,dataset/audio/A_full_set/042_Engine-A.wav,4594.944680997027,-74.3694696193788,3,0,R3_T0,train,SPLIT-001,42
A-0042,A_full_set,dataset/audio/A_full_set/043_Engine-A.wav,5340.684388840425,-84.30647428765853,3,0,R3_T0,train,SPLIT-001,42
A-0043,A_full_set,dataset/audio/A_full_set/044_Engine-A.wav,5515.78415402875,565.0415027690774,3,3,R3_T3,train,SPLIT-001,42
A-0044,A_full_set,dataset/audio/A_full_set/045_Engine-A.wav,4659.399129252447,207.9158993852817,3,2,R3_T2,train,SPLIT-001,42
A-0045,A_full_set,dataset/audio/A_full_set/046_Engine-A.wav,1767.4825807897057,-25.914478922277933,0,0,R0_T0,train,SPLIT-001,42
A-0046,A_full_set,dataset/audio/A_full_set/047_Engine-A.wav,1337.5197078532246,-8.472739426947351,0,1,R0_T1,test,SPLIT-001,42
A-0047,A_full_set,dataset/audio/A_full_set/048_Engine-A.wav,2861.118663488042,384.0444142514774,1,3,R1_T3,train,SPLIT-001,42
A-0048,A_full_set,dataset/audio/A_full_set/049_Engine-A.wav,3317.21153931243,313.6445858549619,2,3,R2_T3,test,SPLIT-001,42
A-0049,A_full_set,dataset/audio/A_full_set/050_Engine-A.wav,3278.778152155682,166.04792318369962,2,2,R2_T2,train,SPLIT-001,42
A-0050,A_full_set,dataset/audio/A_full_set/051_Engine-A.wav,2157.868857758478,-43.01560957580401,1,0,R1_T0,train,SPLIT-001,42
A-0051,A_full_set,dataset/audio/A_full_set/052_Engine-A.wav,972.1860522024846,-6.7098153206466655,0,1,R0_T1,train,SPLIT-001,42
A-0052,A_full_set,dataset/audio/A_full_set/053_Engine-A.wav,3842.189829136298,170.9952169382152,2,2,R2_T2,test,SPLIT-001,42
A-0053,A_full_set,dataset/audio/A_full_set/054_Engine-A.wav,1036.8585683269384,-14.503365235202937,0,1,R0_T1,train,SPLIT-001,42
A-0054,A_full_set,dataset/audio/A_full_set/055_Engine-A.wav,3239.2221445636696,-53.869595049519525,2,0,R2_T0,train,SPLIT-001,42
A-0055,A_full_set,dataset/audio/A_full_set/056_Engine-A.wav,5760.226747466297,164.90121210816753,3,2,R3_T2,train,SPLIT-001,42
A-0056,A_full_set,dataset/audio/A_full_set/057_Engine-A.wav,2100.625217078239,-31.238030319608104,1,0,R1_T0,train,SPLIT-001,42
A-0057,A_full_set,dataset/audio/A_full_set/058_Engine-A.wav,4550.715409772506,284.72833452509025,3,3,R3_T3,train,SPLIT-001,42
A-0058,A_full_set,dataset/audio/A_full_set/059_Engine-A.wav,4379.429699864168,119.5000613349563,2,2,R2_T2,train,SPLIT-001,42
A-0059,A_full_set,dataset/audio/A_full_set/060_Engine-A.wav,5989.708818378858,-95.93390836380422,3,0,R3_T0,train,SPLIT-001,42
A-0060,A_full_set,dataset/audio/A_full_set/061_Engine-A.wav,6299.975436959563,225.87690127771447,3,3,R3_T3,train,SPLIT-001,42
A-0061,A_full_set,dataset/audio/A_full_set/062_Engine-A.wav,1799.400737365591,277.7624336136328,1,3,R1_T3,test,SPLIT-001,42
A-0062,A_full_set,dataset/audio/A_full_set/063_Engine-A.wav,321.26727685695744,11.719818683820687,0,1,R0_T1,train,SPLIT-001,42
A-0063,A_full_set,dataset/audio/A_full_set/064_Engine-A.wav,2722.2005327219563,-77.22754160563152,1,0,R1_T0,train,SPLIT-001,42
A-0064,A_full_set,dataset/audio/A_full_set/065_Engine-A.wav,4122.28424930314,-68.58737687108317,2,0,R2_T0,train,SPLIT-001,42
A-0065,A_full_set,dataset/audio/A_full_set/066_Engine-A.wav,2349.7673903054338,166.77735326089834,1,2,R1_T2,train,SPLIT-001,42
A-0066,A_full_set,dataset/audio/A_full_set/067_Engine-A.wav,1728.4936910076194,-25.10514644426382,0,0,R0_T0,train,SPLIT-001,42
A-0067,A_full_set,dataset/audio/A_full_set/068_Engine-A.wav,2279.930553591348,-36.21156258311698,1,0,R1_T0,train,SPLIT-001,42
A-0068,A_full_set,dataset/audio/A_full_set/069_Engine-A.wav,1931.4222222098167,131.11026407257327,1,2,R1_T2,train,SPLIT-001,42
A-0069,A_full_set,dataset/audio/A_full_set/070_Engine-A.wav,1792.3026495832737,-21.62733434661617,1,0,R1_T0,train,SPLIT-001,42
A-0070,A_full_set,dataset/audio/A_full_set/071_Engine-A.wav,1307.882850150752,-14.145694980776408,0,1,R0_T1,train,SPLIT-001,42
A-0071,A_full_set,dataset/audio/A_full_set/072_Engine-A.wav,2244.7128206009925,161.22341931829334,1,2,R1_T2,train,SPLIT-001,42
A-0072,A_full_set,dataset/audio/A_full_set/073_Engine-A.wav,1853.706433779502,366.05972977511607,1,3,R1_T3,train,SPLIT-001,42
A-0073,A_full_set,dataset/audio/A_full_set/074_Engine-A.wav,1207.2020491933436,15.389830529851318,0,1,R0_T1,test,SPLIT-001,42
A-0074,A_full_set,dataset/audio/A_full_set/075_Engine-A.wav,1015.122104950455,-10.781684843432002,0,1,R0_T1,test,SPLIT-001,42
A-0075,A_full_set,dataset/audio/A_full_set/076_Engine-A.wav,1398.904077276628,-10.34394153088412,0,1,R0_T1,train,SPLIT-001,42
A-0076,A_full_set,dataset/audio/A_full_set/077_Engine-A.wav,4789.440377294855,-76.27466568778847,3,0,R3_T0,train,SPLIT-001,42
A-0077,A_full_set,dataset/audio/A_full_set/078_Engine-A.wav,2391.8591795793195,169.53604059030172,1,2,R1_T2,train,SPLIT-001,42
A-0078,A_full_set,dataset/audio/A_full_set/079_Engine-A.wav,4391.864770408568,-70.86771884907876,2,0,R2_T0,test,SPLIT-001,42
A-0079,A_full_set,dataset/audio/A_full_set/080_Engine-A.wav,6289.20926504988,153.07005678089007,3,2,R3_T2,train,SPLIT-001,42
A-0080,A_full_set,dataset/audio/A_full_set/081_Engine-A.wav,1474.752527459204,-16.217465387773384,0,1,R0_T1,train,SPLIT-001,42
A-0081,A_full_set,dataset/audio/A_full_set/082_Engine-A.wav,4755.724594715811,-29.47032985325428,3,0,R3_T0,validation,SPLIT-001,42
A-0082,A_full_set,dataset/audio/A_full_set/083_Engine-A.wav,3080.3713268703887,485.5714723023619,2,3,R2_T3,test,SPLIT-001,42
A-0083,A_full_set,dataset/audio/A_full_set/084_Engine-A.wav,3238.62514134022,-52.72667391190361,2,0,R2_T0,test,SPLIT-001,42
A-0084,A_full_set,dataset/audio/A_full_set/085_Engine-A.wav,1362.9688293953252,185.39877175638668,0,2,R0_T2,test,SPLIT-001,42
A-0085,A_full_set,dataset/audio/A_full_set/086_Engine-A.wav,1301.2477895431723,147.432170082237,0,2,R0_T2,test,SPLIT-001,42
A-0086,A_full_set,dataset/audio/A_full_set/087_Engine-A.wav,3552.904845447075,-82.33977795939458,2,0,R2_T0,train,SPLIT-001,42
A-0087,A_full_set,dataset/audio/A_full_set/088_Engine-A.wav,3458.241865370009,-60.873623617942414,2,0,R2_T0,train,SPLIT-001,42
A-0088,A_full_set,dataset/audio/A_full_set/089_Engine-A.wav,991.1952579570656,12.906316121419271,0,1,R0_T1,validation,SPLIT-001,42
A-0089,A_full_set,dataset/audio/A_full_set/090_Engine-A.wav,5994.719380424136,338.67707346385214,3,3,R3_T3,train,SPLIT-001,42
A-0090,A_full_set,dataset/audio/A_full_set/091_Engine-A.wav,735.0894191913177,-8.69630043048811,0,1,R0_T1,train,SPLIT-001,42
A-0091,A_full_set,dataset/audio/A_full_set/092_Engine-A.wav,1629.5562428833668,142.60248794142146,0,2,R0_T2,train,SPLIT-001,42
A-0092,A_full_set,dataset/audio/A_full_set/093_Engine-A.wav,3434.075354495992,328.860903845893,2,3,R2_T3,train,SPLIT-001,42
A-0093,A_full_set,dataset/audio/A_full_set/094_Engine-A.wav,4961.953548751872,272.12998175685647,3,3,R3_T3,test,SPLIT-001,42
A-0094,A_full_set,dataset/audio/A_full_set/095_Engine-A.wav,4974.564119664634,-80.48068142195704,3,0,R3_T0,train,SPLIT-001,42
A-0095,A_full_set,dataset/audio/A_full_set/096_Engine-A.wav,5104.046607599026,167.75257617154418,3,2,R3_T2,train,SPLIT-001,42
A-0096,A_full_set,dataset/audio/A_full_set/097_Engine-A.wav,2173.8226614024256,363.7875426687845,1,3,R1_T3,validation,SPLIT-001,42
A-0097,A_full_set,dataset/audio/A_full_set/098_Engine-A.wav,2326.414071280381,-22.101411074970876,1,0,R1_T0,validation,SPLIT-001,42
A-0098,A_full_set,dataset/audio/A_full_set/099_Engine-A.wav,2666.789229064776,-19.926682759106644,1,1,R1_T1,validation,SPLIT-001,42
A-0099,A_full_set,dataset/audio/A_full_set/100_Engine-A.wav,6482.669803033392,510.52046999873886,3,3,R3_T3,train,SPLIT-001,42
A-0100,A_full_set,dataset/audio/A_full_set/101_Engine-A.wav,3701.4798761383295,167.61630500235208,2,2,R2_T2,train,SPLIT-001,42
A-0101,A_full_set,dataset/audio/A_full_set/102_Engine-A.wav,2459.880831958802,230.4227283653528,1,3,R1_T3,train,SPLIT-001,42
A-0102,A_full_set,dataset/audio/A_full_set/103_Engine-A.wav,3011.1202476716185,456.4578098530218,2,3,R2_T3,train,SPLIT-001,42
A-0103,A_full_set,dataset/audio/A_full_set/104_Engine-A.wav,4190.232638227261,114.58026555172474,2,2,R2_T2,train,SPLIT-001,42
A-0104,A_full_set,dataset/audio/A_full_set/105_Engine-A.wav,2019.015103368578,214.61984070982064,1,2,R1_T2,test,SPLIT-001,42
A-0105,A_full_set,dataset/audio/A_full_set/106_Engine-A.wav,2696.231010354308,-63.36800319392507,1,0,R1_T0,train,SPLIT-001,42
A-0106,A_full_set,dataset/audio/A_full_set/107_Engine-A.wav,1780.416814176364,-26.488569630132623,1,0,R1_T0,train,SPLIT-001,42
A-0107,A_full_set,dataset/audio/A_full_set/108_Engine-A.wav,5413.188608759212,344.9107839858466,3,3,R3_T3,validation,SPLIT-001,42
A-0108,A_full_set,dataset/audio/A_full_set/109_Engine-A.wav,1351.6866068852949,-11.978906357514504,0,1,R0_T1,train,SPLIT-001,42
A-0109,A_full_set,dataset/audio/A_full_set/110_Engine-A.wav,4509.693567022721,345.2979707588671,3,3,R3_T3,validation,SPLIT-001,42
A-0110,A_full_set,dataset/audio/A_full_set/111_Engine-A.wav,3778.089046219823,171.09411689324108,2,2,R2_T2,train,SPLIT-001,42
A-0111,A_full_set,dataset/audio/A_full_set/112_Engine-A.wav,3892.907046496384,275.9578800976761,2,3,R2_T3,train,SPLIT-001,42
A-0112,A_full_set,dataset/audio/A_full_set/113_Engine-A.wav,5028.280266935792,665.556325590441,3,3,R3_T3,test,SPLIT-001,42
A-0113,A_full_set,dataset/audio/A_full_set/114_Engine-A.wav,3626.923951300773,163.58990401954384,2,2,R2_T2,train,SPLIT-001,42
A-0114,A_full_set,dataset/audio/A_full_set/115_Engine-A.wav,6420.696096756271,161.1704731245997,3,2,R3_T2,test,SPLIT-001,42
A-0115,A_full_set,dataset/audio/A_full_set/116_Engine-A.wav,2896.038861778693,-50.97769987938527,1,0,R1_T0,train,SPLIT-001,42
A-0116,A_full_set,dataset/audio/A_full_set/117_Engine-A.wav,6205.32226252362,114.56168528817857,3,2,R3_T2,train,SPLIT-001,42
A-0117,A_full_set,dataset/audio/A_full_set/118_Engine-A.wav,5739.061870955696,567.4250911737123,3,3,R3_T3,train,SPLIT-001,42
A-0118,A_full_set,dataset/audio/A_full_set/119_Engine-A.wav,3488.760700587657,-60.3306516011556,2,0,R2_T0,train,SPLIT-001,42
A-0119,A_full_set,dataset/audio/A_full_set/120_Engine-A.wav,5451.637030019581,165.55064222668906,3,2,R3_T2,test,SPLIT-001,42
A-0120,A_full_set,dataset/audio/A_full_set/121_Engine-A.wav,2723.544231669869,160.60860255759158,1,2,R1_T2,train,SPLIT-001,42
A-0121,A_full_set,dataset/audio/A_full_set/122_Engine-A.wav,2577.73751204576,-35.96288386399184,1,0,R1_T0,train,SPLIT-001,42
A-0122,A_full_set,dataset/audio/A_full_set/123_Engine-A.wav,1200.5380981982885,24.36282816941176,0,1,R0_T1,validation,SPLIT-001,42
A-0123,A_full_set,dataset/audio/A_full_set/124_Engine-A.wav,2528.630298004564,-20.51185147872139,1,1,R1_T1,train,SPLIT-001,42
A-0124,A_full_set,dataset/audio/A_full_set/125_Engine-A.wav,4220.005527373482,453.2643461580957,2,3,R2_T3,train,SPLIT-001,42
A-0125,A_full_set,dataset/audio/A_full_set/126_Engine-A.wav,2402.940593764395,-26.05170393754581,1,0,R1_T0,test,SPLIT-001,42
A-0126,A_full_set,dataset/audio/A_full_set/127_Engine-A.wav,3260.616032153287,8.65066724741039,2,1,R2_T1,train,SPLIT-001,42
A-0127,A_full_set,dataset/audio/A_full_set/128_Engine-A.wav,941.715130896426,16.78654735327413,0,1,R0_T1,validation,SPLIT-001,42
A-0128,A_full_set,dataset/audio/A_full_set/129_Engine-A.wav,1065.0525907190834,-6.748951495824468,0,1,R0_T1,train,SPLIT-001,42
A-0129,A_full_set,dataset/audio/A_full_set/130_Engine-A.wav,5689.118187971066,615.2316197521328,3,3,R3_T3,validation,SPLIT-001,42
A-0130,A_full_set,dataset/audio/A_full_set/131_Engine-A.wav,3927.444062581877,231.96180235079635,2,3,R2_T3,train,SPLIT-001,42
A-0131,A_full_set,dataset/audio/A_full_set/132_Engine-A.wav,3002.352109252599,126.47082357225702,2,2,R2_T2,train,SPLIT-001,42
A-0132,A_full_set,dataset/audio/A_full_set/133_Engine-A.wav,2373.95293744922,-39.45764267670753,1,0,R1_T0,train,SPLIT-001,42
A-0133,A_full_set,dataset/audio/A_full_set/134_Engine-A.wav,5683.266188553337,116.57508061051033,3,2,R3_T2,train,SPLIT-001,42
A-0134,A_full_set,dataset/audio/A_full_set/135_Engine-A.wav,5985.09709634755,-82.54739182428293,3,0,R3_T0,test,SPLIT-001,42
A-0135,A_full_set,dataset/audio/A_full_set/136_Engine-A.wav,3184.4502792771914,-73.80395930633958,2,0,R2_T0,test,SPLIT-001,42
A-0136,A_full_set,dataset/audio/A_full_set/137_Engine-A.wav,1688.6460306844738,-22.553926483402407,0,0,R0_T0,train,SPLIT-001,42
A-0137,A_full_set,dataset/audio/A_full_set/138_Engine-A.wav,1807.704315082168,-66.07528319526817,1,0,R1_T0,train,SPLIT-001,42
A-0138,A_full_set,dataset/audio/A_full_set/139_Engine-A.wav,3319.085174811105,164.91797542135,2,2,R2_T2,test,SPLIT-001,42
A-0139,A_full_set,dataset/audio/A_full_set/140_Engine-A.wav,3908.117571910778,336.4046620843294,2,3,R2_T3,train,SPLIT-001,42
A-0140,A_full_set,dataset/audio/A_full_set/141_Engine-A.wav,3332.298007989541,695.6423839544639,2,3,R2_T3,validation,SPLIT-001,42
A-0141,A_full_set,dataset/audio/A_full_set/142_Engine-A.wav,2904.410161170856,164.74249340977448,1,2,R1_T2,train,SPLIT-001,42
A-0142,A_full_set,dataset/audio/A_full_set/143_Engine-A.wav,2689.1047046113467,94.27462363307716,1,2,R1_T2,test,SPLIT-001,42
A-0143,A_full_set,dataset/audio/A_full_set/144_Engine-A.wav,5307.19636798228,328.5588946252012,3,3,R3_T3,test,SPLIT-001,42
A-0144,A_full_set,dataset/audio/A_full_set/145_Engine-A.wav,5926.337852351991,-16.019882662180763,3,1,R3_T1,train,SPLIT-001,42
A-0145,A_full_set,dataset/audio/A_full_set/146_Engine-A.wav,1043.756494871,181.6359554267511,0,2,R0_T2,validation,SPLIT-001,42
A-0146,A_full_set,dataset/audio/A_full_set/147_Engine-A.wav,1475.1002934567005,109.92296849485982,0,2,R0_T2,train,SPLIT-001,42
A-0147,A_full_set,dataset/audio/A_full_set/148_Engine-A.wav,3799.0125030682975,120.0379203134759,2,2,R2_T2,train,SPLIT-001,42
A-0148,A_full_set,dataset/audio/A_full_set/149_Engine-A.wav,5386.310227848522,115.20252008981342,3,2,R3_T2,train,SPLIT-001,42
A-0149,A_full_set,dataset/audio/A_full_set/150_Engine-A.wav,3528.912489459444,-58.38743623356186,2,0,R2_T0,validation,SPLIT-001,42
A-0150,A_full_set,dataset/audio/A_full_set/151_Engine-A.wav,935.5141290652208,-32.58376028023514,0,0,R0_T0,train,SPLIT-001,42
A-0151,A_full_set,dataset/audio/A_full_set/152_Engine-A.wav,3020.7587083180747,694.9528220928077,2,3,R2_T3,train,SPLIT-001,42
A-0152,A_full_set,dataset/audio/A_full_set/153_Engine-A.wav,3593.639342765498,48.88405306229424,2,1,R2_T1,train,SPLIT-001,42
A-0153,A_full_set,dataset/audio/A_full_set/154_Engine-A.wav,4131.435316752612,49.22094624216964,2,1,R2_T1,train,SPLIT-001,42
A-0154,A_full_set,dataset/audio/A_full_set/155_Engine-A.wav,1238.6451514432747,-9.346152463256503,0,1,R0_T1,train,SPLIT-001,42
A-0155,A_full_set,dataset/audio/A_full_set/156_Engine-A.wav,5913.678298666916,561.3593006738901,3,3,R3_T3,test,SPLIT-001,42
A-0156,A_full_set,dataset/audio/A_full_set/157_Engine-A.wav,1498.5020058837968,-14.56772178860765,0,1,R0_T1,train,SPLIT-001,42
A-0157,A_full_set,dataset/audio/A_full_set/158_Engine-A.wav,2959.880838678458,165.77733652378487,1,2,R1_T2,train,SPLIT-001,42
A-0158,A_full_set,dataset/audio/A_full_set/159_Engine-A.wav,5270.646334599027,168.42489159850248,3,2,R3_T2,validation,SPLIT-001,42
A-0159,A_full_set,dataset/audio/A_full_set/160_Engine-A.wav,5368.694274646597,644.4652168673083,3,3,R3_T3,train,SPLIT-001,42
A-0160,A_full_set,dataset/audio/A_full_set/161_Engine-A.wav,2410.909592983922,693.8852784347146,1,3,R1_T3,train,SPLIT-001,42
A-0161,A_full_set,dataset/audio/A_full_set/162_Engine-A.wav,852.7383894593884,25.141848444444012,0,1,R0_T1,train,SPLIT-001,42
A-0162,A_full_set,dataset/audio/A_full_set/163_Engine-A.wav,4600.225577315664,452.9844559046634,3,3,R3_T3,train,SPLIT-001,42
A-0163,A_full_set,dataset/audio/A_full_set/164_Engine-A.wav,4513.212635065429,30.108427978120744,3,1,R3_T1,train,SPLIT-001,42
A-0164,A_full_set,dataset/audio/A_full_set/165_Engine-A.wav,3294.13254855864,-57.25268249060786,2,0,R2_T0,validation,SPLIT-001,42
A-0165,A_full_set,dataset/audio/A_full_set/166_Engine-A.wav,2140.711853626944,357.8890574075342,1,3,R1_T3,train,SPLIT-001,42
A-0166,A_full_set,dataset/audio/A_full_set/167_Engine-A.wav,1788.685049661776,-29.57985446382021,1,0,R1_T0,train,SPLIT-001,42
A-0167,A_full_set,dataset/audio/A_full_set/168_Engine-A.wav,1765.8723676107763,296.73199521816844,0,3,R0_T3,train,SPLIT-001,42
A-0168,A_full_set,dataset/audio/A_full_set/169_Engine-A.wav,5081.239791291193,117.49394290169404,3,2,R3_T2,train,SPLIT-001,42
A-0169,A_full_set,dataset/audio/A_full_set/170_Engine-A.wav,1341.7210173154588,-11.473958653809255,0,1,R0_T1,train,SPLIT-001,42
A-0170,A_full_set,dataset/audio/A_full_set/171_Engine-A.wav,1964.0086414368168,2.7100617840361143,1,1,R1_T1,train,SPLIT-001,42
A-0171,A_full_set,dataset/audio/A_full_set/172_Engine-A.wav,2553.8003385229104,263.20828785165696,1,3,R1_T3,train,SPLIT-001,42
A-0172,A_full_set,dataset/audio/A_full_set/173_Engine-A.wav,6630.406592731123,325.42993917509364,3,3,R3_T3,train,SPLIT-001,42
A-0173,A_full_set,dataset/audio/A_full_set/174_Engine-A.wav,1044.0395808801418,90.34080883351768,0,2,R0_T2,train,SPLIT-001,42
A-0174,A_full_set,dataset/audio/A_full_set/175_Engine-A.wav,893.2660257115084,3.012592031944931,0,1,R0_T1,train,SPLIT-001,42
A-0175,A_full_set,dataset/audio/A_full_set/176_Engine-A.wav,3379.632025617894,166.2031512790256,2,2,R2_T2,validation,SPLIT-001,42
A-0176,A_full_set,dataset/audio/A_full_set/177_Engine-A.wav,6332.330487853852,35.435615546667755,3,1,R3_T1,train,SPLIT-001,42
A-0177,A_full_set,dataset/audio/A_full_set/178_Engine-A.wav,3958.065742141186,182.2148512760152,2,2,R2_T2,train,SPLIT-001,42
A-0178,A_full_set,dataset/audio/A_full_set/179_Engine-A.wav,3379.809794645645,306.2259757292626,2,3,R2_T3,test,SPLIT-001,42
A-0179,A_full_set,dataset/audio/A_full_set/180_Engine-A.wav,1344.5452857979744,212.6591407664688,0,2,R0_T2,train,SPLIT-001,42
A-0180,A_full_set,dataset/audio/A_full_set/181_Engine-A.wav,2354.103323566881,-75.2457181935711,1,0,R1_T0,train,SPLIT-001,42
A-0181,A_full_set,dataset/audio/A_full_set/182_Engine-A.wav,3428.686841328939,-59.794150716890165,2,0,R2_T0,test,SPLIT-001,42
A-0182,A_full_set,dataset/audio/A_full_set/183_Engine-A.wav,2436.5531880034987,-41.554778856313646,1,0,R1_T0,train,SPLIT-001,42
A-0183,A_full_set,dataset/audio/A_full_set/184_Engine-A.wav,701.5348847965561,-6.055711627329592,0,1,R0_T1,train,SPLIT-001,42
A-0184,A_full_set,dataset/audio/A_full_set/185_Engine-A.wav,2276.5311087880814,-59.70121185694422,1,0,R1_T0,train,SPLIT-001,42
A-0185,A_full_set,dataset/audio/A_full_set/186_Engine-A.wav,3994.380000354798,-87.3532250773939,2,0,R2_T0,test,SPLIT-001,42
A-0186,A_full_set,dataset/audio/A_full_set/187_Engine-A.wav,1731.860013512092,-25.183022403458597,0,0,R0_T0,validation,SPLIT-001,42
A-0187,A_full_set,dataset/audio/A_full_set/188_Engine-A.wav,5796.64544774911,408.97795938217865,3,3,R3_T3,train,SPLIT-001,42
A-0188,A_full_set,dataset/audio/A_full_set/189_Engine-A.wav,3799.178483234188,163.93138053294442,2,2,R2_T2,validation,SPLIT-001,42
A-0189,A_full_set,dataset/audio/A_full_set/190_Engine-A.wav,3407.518715070192,23.49808188957897,2,1,R2_T1,train,SPLIT-001,42
A-0190,A_full_set,dataset/audio/A_full_set/191_Engine-A.wav,4210.524817986217,153.6311269000294,2,2,R2_T2,train,SPLIT-001,42
A-0191,A_full_set,dataset/audio/A_full_set/192_Engine-A.wav,5439.267243796247,-85.53506851196289,3,0,R3_T0,train,SPLIT-001,42
A-0192,A_full_set,dataset/audio/A_full_set/193_Engine-A.wav,3463.8785514728165,170.05386745380514,2,2,R2_T2,train,SPLIT-001,42
A-0193,A_full_set,dataset/audio/A_full_set/194_Engine-A.wav,1190.3619600828424,53.63405796247446,0,1,R0_T1,train,SPLIT-001,42
A-0194,A_full_set,dataset/audio/A_full_set/195_Engine-A.wav,3653.853768966386,38.72302104464068,2,1,R2_T1,validation,SPLIT-001,42
A-0195,A_full_set,dataset/audio/A_full_set/196_Engine-A.wav,6048.812923069569,-96.34936505863014,3,0,R3_T0,train,SPLIT-001,42
A-0196,A_full_set,dataset/audio/A_full_set/197_Engine-A.wav,4801.2559625093845,-77.6437824485609,3,0,R3_T0,validation,SPLIT-001,42
A-0197,A_full_set,dataset/audio/A_full_set/198_Engine-A.wav,4934.763539322024,378.9614307331199,3,3,R3_T3,train,SPLIT-001,42
A-0198,A_full_set,dataset/audio/A_full_set/199_Engine-A.wav,1377.7367827045884,-11.805259787293307,0,1,R0_T1,train,SPLIT-001,42
A-0199,A_full_set,dataset/audio/A_full_set/200_Engine-A.wav,2904.774440465581,266.71030251314323,1,3,R1_T3,train,SPLIT-001,42
A-0200,A_full_set,dataset/audio/A_full_set/201_Engine-A.wav,5652.583587460402,-12.974364893223212,3,1,R3_T1,test,SPLIT-001,42
A-0201,A_full_set,dataset/audio/A_full_set/202_Engine-A.wav,2713.2520423485685,27.694221932878374,1,1,R1_T1,train,SPLIT-001,42
A-0202,A_full_set,dataset/audio/A_full_set/203_Engine-A.wav,3627.8875516467833,694.5968151567466,2,3,R2_T3,test,SPLIT-001,42
A-0203,A_full_set,dataset/audio/A_full_set/204_Engine-A.wav,1371.235238051996,-11.548307413654276,0,1,R0_T1,train,SPLIT-001,42
A-0204,A_full_set,dataset/audio/A_full_set/205_Engine-A.wav,2133.338627388807,-75.55676571398892,1,0,R1_T0,validation,SPLIT-001,42
A-0205,A_full_set,dataset/audio/A_full_set/206_Engine-A.wav,1314.324370180042,-10.542646526967284,0,1,R0_T1,validation,SPLIT-001,42
A-0206,A_full_set,dataset/audio/A_full_set/207_Engine-A.wav,2579.844518728696,358.0328741823109,1,3,R1_T3,train,SPLIT-001,42
A-0207,A_full_set,dataset/audio/A_full_set/208_Engine-A.wav,3207.483259578384,264.3662917904737,2,3,R2_T3,train,SPLIT-001,42
A-0208,A_full_set,dataset/audio/A_full_set/209_Engine-A.wav,4263.321935968994,-90.79601861597077,2,0,R2_T0,train,SPLIT-001,42
A-0209,A_full_set,dataset/audio/A_full_set/210_Engine-A.wav,3128.439955465839,487.00854371233686,2,3,R2_T3,train,SPLIT-001,42
A-0210,A_full_set,dataset/audio/A_full_set/211_Engine-A.wav,1511.0639102125074,263.6498214577782,0,3,R0_T3,train,SPLIT-001,42
A-0211,A_full_set,dataset/audio/A_full_set/212_Engine-A.wav,5105.201114855084,337.3999874234965,3,3,R3_T3,train,SPLIT-001,42
A-0212,A_full_set,dataset/audio/A_full_set/213_Engine-A.wav,6641.731219417044,35.476753456165866,3,1,R3_T1,test,SPLIT-001,42
A-0213,A_full_set,dataset/audio/A_full_set/214_Engine-A.wav,2631.087367256805,194.33822197642752,1,2,R1_T2,train,SPLIT-001,42
A-0214,A_full_set,dataset/audio/A_full_set/215_Engine-A.wav,6305.324415948442,318.5380615286446,3,3,R3_T3,train,SPLIT-001,42
A-0215,A_full_set,dataset/audio/A_full_set/216_Engine-A.wav,1201.6281838122948,379.5259699180225,0,3,R0_T3,train,SPLIT-001,42
A-0216,A_full_set,dataset/audio/A_full_set/217_Engine-A.wav,5398.465516185676,-86.6200284658545,3,0,R3_T0,validation,SPLIT-001,42
A-0217,A_full_set,dataset/audio/A_full_set/218_Engine-A.wav,1101.769162516607,-6.129321948622623,0,1,R0_T1,train,SPLIT-001,42
A-0218,A_full_set,dataset/audio/A_full_set/219_Engine-A.wav,3207.7344263795267,168.0258855845547,2,2,R2_T2,train,SPLIT-001,42
A-0219,A_full_set,dataset/audio/A_full_set/220_Engine-A.wav,4498.6350987338765,-72.2017243754896,3,0,R3_T0,test,SPLIT-001,42
A-0220,A_full_set,dataset/audio/A_full_set/221_Engine-A.wav,5087.441018474135,-80.5619474995104,3,0,R3_T0,train,SPLIT-001,42
A-0221,A_full_set,dataset/audio/A_full_set/222_Engine-A.wav,1399.2365565726427,-12.172047271314998,0,1,R0_T1,train,SPLIT-001,42
A-0222,A_full_set,dataset/audio/A_full_set/223_Engine-A.wav,4548.239314588428,251.66794898387212,3,3,R3_T3,test,SPLIT-001,42
A-0223,A_full_set,dataset/audio/A_full_set/224_Engine-A.wav,6594.329338570743,307.4544251764768,3,3,R3_T3,train,SPLIT-001,42
A-0224,A_full_set,dataset/audio/A_full_set/225_Engine-A.wav,1563.6265742918297,-4.330366423598192,0,1,R0_T1,train,SPLIT-001,42
A-0225,A_full_set,dataset/audio/A_full_set/226_Engine-A.wav,2708.7991543151625,-21.834469620306887,1,0,R1_T0,train,SPLIT-001,42
A-0226,A_full_set,dataset/audio/A_full_set/227_Engine-A.wav,6463.68077234201,113.51968258700072,3,2,R3_T2,train,SPLIT-001,42
A-0227,A_full_set,dataset/audio/A_full_set/228_Engine-A.wav,891.7215094010681,20.77415621377588,0,1,R0_T1,train,SPLIT-001,42
A-0228,A_full_set,dataset/audio/A_full_set/229_Engine-A.wav,4500.507446743932,425.9685804268855,3,3,R3_T3,train,SPLIT-001,42
A-0229,A_full_set,dataset/audio/A_full_set/230_Engine-A.wav,2656.384079400884,716.8885543734528,1,3,R1_T3,train,SPLIT-001,42
A-0230,A_full_set,dataset/audio/A_full_set/231_Engine-A.wav,937.113393529802,-1.6366705106563322,0,1,R0_T1,train,SPLIT-001,42
A-0231,A_full_set,dataset/audio/A_full_set/232_Engine-A.wav,947.6580259700615,-6.50456187625726,0,1,R0_T1,test,SPLIT-001,42
A-0232,A_full_set,dataset/audio/A_full_set/233_Engine-A.wav,0.0,10.953492575544653,0,1,R0_T1,train,SPLIT-001,42
A-0233,A_full_set,dataset/audio/A_full_set/234_Engine-A.wav,3770.085855292757,16.37118569557583,2,1,R2_T1,train,SPLIT-001,42
A-0234,A_full_set,dataset/audio/A_full_set/235_Engine-A.wav,1952.9500417242457,220.96714915087952,1,2,R1_T2,train,SPLIT-001,42
A-0235,A_full_set,dataset/audio/A_full_set/236_Engine-A.wav,2103.822518428813,156.60933719417912,1,2,R1_T2,train,SPLIT-001,42
A-0236,A_full_set,dataset/audio/A_full_set/237_Engine-A.wav,1197.0884924574482,205.4566759212012,0,2,R0_T2,train,SPLIT-001,42
A-0237,A_full_set,dataset/audio/A_full_set/238_Engine-A.wav,4277.978570932942,212.5404245226687,2,2,R2_T2,train,SPLIT-001,42
A-0238,A_full_set,dataset/audio/A_full_set/239_Engine-A.wav,4489.483060721678,115.51558904993168,3,2,R3_T2,train,SPLIT-001,42
A-0239,A_full_set,dataset/audio/A_full_set/240_Engine-A.wav,1785.7179652061566,-75.55194208615518,1,0,R1_T0,train,SPLIT-001,42
A-0240,A_full_set,dataset/audio/A_full_set/241_Engine-A.wav,940.7974909695369,-6.916592873278118,0,1,R0_T1,train,SPLIT-001,42
A-0241,A_full_set,dataset/audio/A_full_set/242_Engine-A.wav,1951.1550298551235,18.19940329244143,1,1,R1_T1,train,SPLIT-001,42
A-0242,A_full_set,dataset/audio/A_full_set/243_Engine-A.wav,6290.576451361239,-99.63423777540804,3,0,R3_T0,train,SPLIT-001,42
A-0243,A_full_set,dataset/audio/A_full_set/244_Engine-A.wav,3699.8327358628353,181.74169101043125,2,2,R2_T2,train,SPLIT-001,42
A-0244,A_full_set,dataset/audio/A_full_set/245_Engine-A.wav,3533.155652694909,-57.85422968670605,2,0,R2_T0,train,SPLIT-001,42
A-0245,A_full_set,dataset/audio/A_full_set/246_Engine-A.wav,1143.1558464277728,-7.866329151763503,0,1,R0_T1,validation,SPLIT-001,42
A-0246,A_full_set,dataset/audio/A_full_set/247_Engine-A.wav,5087.499591741669,-74.50822819484753,3,0,R3_T0,train,SPLIT-001,42
A-0247,A_full_set,dataset/audio/A_full_set/248_Engine-A.wav,906.4879679655812,10.172277839344998,0,1,R0_T1,train,SPLIT-001,42
A-0248,A_full_set,dataset/audio/A_full_set/249_Engine-A.wav,2397.8874499235694,-22.64751415184843,1,0,R1_T0,train,SPLIT-001,42
A-0249,A_full_set,dataset/audio/A_full_set/250_Engine-A.wav,4627.285953201253,227.45385787674405,3,3,R3_T3,train,SPLIT-001,42
A-0250,A_full_set,dataset/audio/A_full_set/251_Engine-A.wav,2848.2951952512994,99.95169378554594,1,2,R1_T2,train,SPLIT-001,42
A-0251,A_full_set,dataset/audio/A_full_set/252_Engine-A.wav,2102.2035138716865,77.57867151482641,1,2,R1_T2,train,SPLIT-001,42
A-0252,A_full_set,dataset/audio/A_full_set/253_Engine-A.wav,1951.630741212426,377.4100585358576,1,3,R1_T3,train,SPLIT-001,42
A-0253,A_full_set,dataset/audio/A_full_set/254_Engine-A.wav,1378.488301569785,7.60849786994638,0,1,R0_T1,train,SPLIT-001,42
A-0254,A_full_set,dataset/audio/A_full_set/255_Engine-A.wav,5119.048451989647,-81.4838497813155,3,0,R3_T0,train,SPLIT-001,42
A-0255,A_full_set,dataset/audio/A_full_set/256_Engine-A.wav,4583.293322431363,232.01507759611133,3,3,R3_T3,test,SPLIT-001,42
A-0256,A_full_set,dataset/audio/A_full_set/257_Engine-A.wav,6595.675711198287,-102.32652528719468,3,0,R3_T0,validation,SPLIT-001,42
A-0257,A_full_set,dataset/audio/A_full_set/258_Engine-A.wav,918.2592418485034,193.5526879565363,0,2,R0_T2,train,SPLIT-001,42
A-0258,A_full_set,dataset/audio/A_full_set/259_Engine-A.wav,4497.437898899481,228.78278877030863,3,3,R3_T3,train,SPLIT-001,42
A-0259,A_full_set,dataset/audio/A_full_set/260_Engine-A.wav,5440.383931197743,452.8188370832122,3,3,R3_T3,train,SPLIT-001,42
A-0260,A_full_set,dataset/audio/A_full_set/261_Engine-A.wav,4521.247926899774,453.4634642041325,3,3,R3_T3,validation,SPLIT-001,42
A-0261,A_full_set,dataset/audio/A_full_set/262_Engine-A.wav,5253.995056979378,-82.27261525182543,3,0,R3_T0,train,SPLIT-001,42
A-0262,A_full_set,dataset/audio/A_full_set/263_Engine-A.wav,4421.642815711375,166.63836450757697,2,2,R2_T2,test,SPLIT-001,42
A-0263,A_full_set,dataset/audio/A_full_set/264_Engine-A.wav,1633.1938363830832,-27.49033272266388,0,0,R0_T0,train,SPLIT-001,42
A-0264,A_full_set,dataset/audio/A_full_set/265_Engine-A.wav,972.167093643974,-6.881615450065634,0,1,R0_T1,train,SPLIT-001,42
A-0265,A_full_set,dataset/audio/A_full_set/266_Engine-A.wav,5960.256074114544,-92.4996246296539,3,0,R3_T0,train,SPLIT-001,42
A-0266,A_full_set,dataset/audio/A_full_set/267_Engine-A.wav,3616.756055692229,457.42611252900326,2,3,R2_T3,train,SPLIT-001,42
A-0267,A_full_set,dataset/audio/A_full_set/268_Engine-A.wav,4079.068999044941,-69.1355508840504,2,0,R2_T0,train,SPLIT-001,42
A-0268,A_full_set,dataset/audio/A_full_set/269_Engine-A.wav,733.4982552179476,-6.157084441766506,0,1,R0_T1,train,SPLIT-001,42
A-0269,A_full_set,dataset/audio/A_full_set/270_Engine-A.wav,6011.03201950038,303.002544078562,3,3,R3_T3,validation,SPLIT-001,42
A-0270,A_full_set,dataset/audio/A_full_set/271_Engine-A.wav,2343.799430309596,-67.92643565149488,1,0,R1_T0,validation,SPLIT-001,42
A-0271,A_full_set,dataset/audio/A_full_set/272_Engine-A.wav,1172.418281778522,-8.256252555326483,0,1,R0_T1,test,SPLIT-001,42
A-0272,A_full_set,dataset/audio/A_full_set/273_Engine-A.wav,3305.0836423132478,27.16705386132032,2,1,R2_T1,train,SPLIT-001,42
A-0273,A_full_set,dataset/audio/A_full_set/274_Engine-A.wav,1565.8192688856668,271.993541924288,0,3,R0_T3,validation,SPLIT-001,42
A-0274,A_full_set,dataset/audio/A_full_set/275_Engine-A.wav,3911.218382418156,449.0415378813706,2,3,R2_T3,train,SPLIT-001,42
A-0275,A_full_set,dataset/audio/A_full_set/276_Engine-A.wav,6285.424808146993,116.60457428634275,3,2,R3_T2,train,SPLIT-001,42
A-0276,A_full_set,dataset/audio/A_full_set/277_Engine-A.wav,3556.1842559152824,166.48799632622945,2,2,R2_T2,train,SPLIT-001,42
A-0277,A_full_set,dataset/audio/A_full_set/278_Engine-A.wav,3165.4792909699727,127.98614176308236,2,2,R2_T2,train,SPLIT-001,42
A-0278,A_full_set,dataset/audio/A_full_set/279_Engine-A.wav,772.7464650058488,-6.405663322303999,0,1,R0_T1,train,SPLIT-001,42
A-0279,A_full_set,dataset/audio/A_full_set/280_Engine-A.wav,1796.1581890048876,71.48247175529355,1,2,R1_T2,test,SPLIT-001,42
A-0280,A_full_set,dataset/audio/A_full_set/281_Engine-A.wav,5833.607212305069,118.76564198732376,3,2,R3_T2,train,SPLIT-001,42
A-0281,A_full_set,dataset/audio/A_full_set/282_Engine-A.wav,1878.7725856956752,-28.90798056997904,1,0,R1_T0,train,SPLIT-001,42
A-0282,A_full_set,dataset/audio/A_full_set/283_Engine-A.wav,2161.1266009529754,162.3038117736982,1,2,R1_T2,train,SPLIT-001,42
A-0283,A_full_set,dataset/audio/A_full_set/284_Engine-A.wav,3497.920589395332,336.1028472259439,2,3,R2_T3,train,SPLIT-001,42
A-0284,A_full_set,dataset/audio/A_full_set/285_Engine-A.wav,3610.869508429922,23.88127901546832,2,1,R2_T1,train,SPLIT-001,42
A-0285,A_full_set,dataset/audio/A_full_set/286_Engine-A.wav,1287.786080068366,275.2691422439203,0,3,R0_T3,train,SPLIT-001,42
A-0286,A_full_set,dataset/audio/A_full_set/287_Engine-A.wav,2103.1775403022766,12.364115297794342,1,1,R1_T1,train,SPLIT-001,42
A-0287,A_full_set,dataset/audio/A_full_set/288_Engine-A.wav,6319.16174312043,454.4825444813648,3,3,R3_T3,train,SPLIT-001,42
A-0288,A_full_set,dataset/audio/A_full_set/289_Engine-A.wav,4764.105882209598,-16.993118010885347,3,1,R3_T1,test,SPLIT-001,42
A-0289,A_full_set,dataset/audio/A_full_set/290_Engine-A.wav,3907.692646353503,31.83791954428169,2,1,R2_T1,train,SPLIT-001,42
A-0290,A_full_set,dataset/audio/A_full_set/291_Engine-A.wav,6371.335919698079,-24.013631867199408,3,0,R3_T0,test,SPLIT-001,42
A-0291,A_full_set,dataset/audio/A_full_set/292_Engine-A.wav,981.6184142088728,-6.788169151039909,0,1,R0_T1,test,SPLIT-001,42
A-0292,A_full_set,dataset/audio/A_full_set/293_Engine-A.wav,3607.227950367501,34.94504034357665,2,1,R2_T1,test,SPLIT-001,42
A-0293,A_full_set,dataset/audio/A_full_set/294_Engine-A.wav,5014.2481537692265,-79.9853616936743,3,0,R3_T0,train,SPLIT-001,42
A-0294,A_full_set,dataset/audio/A_full_set/295_Engine-A.wav,1556.608242458767,-18.10130018528884,0,1,R0_T1,train,SPLIT-001,42
A-0295,A_full_set,dataset/audio/A_full_set/296_Engine-A.wav,6087.840607495812,168.95917153293848,3,2,R3_T2,validation,SPLIT-001,42
A-0296,A_full_set,dataset/audio/A_full_set/297_Engine-A.wav,1105.981809724637,-7.243406559393658,0,1,R0_T1,test,SPLIT-001,42
A-0297,A_full_set,dataset/audio/A_full_set/298_Engine-A.wav,2705.5343131708905,382.5754881034376,1,3,R1_T3,train,SPLIT-001,42
A-0298,A_full_set,dataset/audio/A_full_set/299_Engine-A.wav,1545.3298894370475,15.303448157581856,0,1,R0_T1,train,SPLIT-001,42
A-0299,A_full_set,dataset/audio/A_full_set/300_Engine-A.wav,1003.4187147777664,-6.826215866072317,0,1,R0_T1,train,SPLIT-001,42
A-0300,A_full_set,dataset/audio/A_full_set/301_Engine-A.wav,908.3047005575646,66.18648020932025,0,2,R0_T2,validation,SPLIT-001,42
A-0301,A_full_set,dataset/audio/A_full_set/302_Engine-A.wav,3321.895553561266,457.8710673098079,2,3,R2_T3,train,SPLIT-001,42
A-0302,A_full_set,dataset/audio/A_full_set/303_Engine-A.wav,2523.8745376669617,-76.25348186751368,1,0,R1_T0,train,SPLIT-001,42
A-0303,A_full_set,dataset/audio/A_full_set/304_Engine-A.wav,6109.583934794274,-96.98435739450017,3,0,R3_T0,train,SPLIT-001,42
A-0304,A_full_set,dataset/audio/A_full_set/305_Engine-A.wav,4189.774809426409,-91.1933774353689,2,0,R2_T0,validation,SPLIT-001,42
A-0305,A_full_set,dataset/audio/A_full_set/306_Engine-A.wav,4440.969712172097,165.30832667983967,2,2,R2_T2,train,SPLIT-001,42
A-0306,A_full_set,dataset/audio/A_full_set/307_Engine-A.wav,2062.247044219557,-30.014082022152618,1,0,R1_T0,train,SPLIT-001,42
A-0307,A_full_set,dataset/audio/A_full_set/308_Engine-A.wav,2249.174646355889,321.5831580487165,1,3,R1_T3,train,SPLIT-001,42
A-0308,A_full_set,dataset/audio/A_full_set/309_Engine-A.wav,3204.246913564616,120.59761455346798,2,2,R2_T2,test,SPLIT-001,42
A-0309,A_full_set,dataset/audio/A_full_set/310_Engine-A.wav,700.1015706651513,16.486249778462554,0,1,R0_T1,train,SPLIT-001,42
A-0310,A_full_set,dataset/audio/A_full_set/311_Engine-A.wav,5430.618409399275,319.467690673557,3,3,R3_T3,train,SPLIT-001,42
A-0311,A_full_set,dataset/audio/A_full_set/312_Engine-A.wav,4216.750855691388,119.4258889919374,2,2,R2_T2,train,SPLIT-001,42
A-0312,A_full_set,dataset/audio/A_full_set/313_Engine-A.wav,1345.490409033512,159.44080188203213,0,2,R0_T2,train,SPLIT-001,42
A-0313,A_full_set,dataset/audio/A_full_set/314_Engine-A.wav,2624.581037691938,-77.5461943815071,1,0,R1_T0,test,SPLIT-001,42
A-0314,A_full_set,dataset/audio/A_full_set/315_Engine-A.wav,4212.657900910881,28.68149999398083,2,1,R2_T1,train,SPLIT-001,42
A-0315,A_full_set,dataset/audio/A_full_set/316_Engine-A.wav,4408.856891745797,366.8269409138336,2,3,R2_T3,train,SPLIT-001,42
A-0316,A_full_set,dataset/audio/A_full_set/317_Engine-A.wav,4638.287090415231,468.73956938746176,3,3,R3_T3,train,SPLIT-001,42
A-0317,A_full_set,dataset/audio/A_full_set/318_Engine-A.wav,4507.176468184182,317.89246121129315,3,3,R3_T3,train,SPLIT-001,42
A-0318,A_full_set,dataset/audio/A_full_set/319_Engine-A.wav,1788.3066528857885,-26.66977848786972,1,0,R1_T0,train,SPLIT-001,42
A-0319,A_full_set,dataset/audio/A_full_set/320_Engine-A.wav,2580.357500401939,423.9816855350484,1,3,R1_T3,test,SPLIT-001,42
A-0320,A_full_set,dataset/audio/A_full_set/321_Engine-A.wav,1465.6401006186882,109.0011488648288,0,2,R0_T2,train,SPLIT-001,42
A-0321,A_full_set,dataset/audio/A_full_set/322_Engine-A.wav,3025.9511549621416,-79.01825147592601,2,0,R2_T0,train,SPLIT-001,42
A-0322,A_full_set,dataset/audio/A_full_set/323_Engine-A.wav,3547.4912555560186,469.53673825354434,2,3,R2_T3,train,SPLIT-001,42
A-0323,A_full_set,dataset/audio/A_full_set/324_Engine-A.wav,6192.60698540747,-13.507708624449526,3,1,R3_T1,validation,SPLIT-001,42
A-0324,A_full_set,dataset/audio/A_full_set/325_Engine-A.wav,5976.340858635522,226.2819005186792,3,3,R3_T3,train,SPLIT-001,42
A-0325,A_full_set,dataset/audio/A_full_set/326_Engine-A.wav,3390.948473922605,328.04251523521856,2,3,R2_T3,train,SPLIT-001,42
A-0326,A_full_set,dataset/audio/A_full_set/327_Engine-A.wav,3927.242480426196,690.8447366074262,2,3,R2_T3,validation,SPLIT-001,42
A-0327,A_full_set,dataset/audio/A_full_set/328_Engine-A.wav,3724.825679189791,171.89157935662,2,2,R2_T2,validation,SPLIT-001,42
A-0328,A_full_set,dataset/audio/A_full_set/329_Engine-A.wav,3267.8434268568917,-57.87496225620673,2,0,R2_T0,train,SPLIT-001,42
A-0329,A_full_set,dataset/audio/A_full_set/330_Engine-A.wav,4786.724791807287,636.2403009811677,3,3,R3_T3,validation,SPLIT-001,42
A-0330,A_full_set,dataset/audio/A_full_set/331_Engine-A.wav,2273.740845450218,-35.887507461920016,1,0,R1_T0,train,SPLIT-001,42
A-0331,A_full_set,dataset/audio/A_full_set/332_Engine-A.wav,3531.307919303253,329.6770538805623,2,3,R2_T3,train,SPLIT-001,42
A-0332,A_full_set,dataset/audio/A_full_set/333_Engine-A.wav,1853.4893769881912,165.6940903185506,1,2,R1_T2,validation,SPLIT-001,42
A-0333,A_full_set,dataset/audio/A_full_set/334_Engine-A.wav,1168.9803637786283,-8.294275640472163,0,1,R0_T1,validation,SPLIT-001,42
A-0334,A_full_set,dataset/audio/A_full_set/335_Engine-A.wav,3309.852017555133,-58.52966660083471,2,0,R2_T0,test,SPLIT-001,42
A-0335,A_full_set,dataset/audio/A_full_set/336_Engine-A.wav,1503.6163706707096,121.1242814330946,0,2,R0_T2,train,SPLIT-001,42
A-0336,A_full_set,dataset/audio/A_full_set/337_Engine-A.wav,3457.165764761972,639.4323171018721,2,3,R2_T3,train,SPLIT-001,42
A-0337,A_full_set,dataset/audio/A_full_set/338_Engine-A.wav,6160.995213578387,-27.056701008866472,3,0,R3_T0,test,SPLIT-001,42
A-0338,A_full_set,dataset/audio/A_full_set/339_Engine-A.wav,1870.41317751091,423.8194037646782,1,3,R1_T3,train,SPLIT-001,42
A-0339,A_full_set,dataset/audio/A_full_set/340_Engine-A.wav,2826.3247337444686,-20.09963441347365,1,1,R1_T1,train,SPLIT-001,42
A-0340,A_full_set,dataset/audio/A_full_set/341_Engine-A.wav,1090.9059384974037,-14.439336781902364,0,1,R0_T1,train,SPLIT-001,42
A-0341,A_full_set,dataset/audio/A_full_set/342_Engine-A.wav,1098.5631234600614,0.538888429884665,0,1,R0_T1,train,SPLIT-001,42
A-0342,A_full_set,dataset/audio/A_full_set/343_Engine-A.wav,2156.9486354424703,163.15448171724148,1,2,R1_T2,train,SPLIT-001,42
A-0343,A_full_set,dataset/audio/A_full_set/344_Engine-A.wav,2224.379600690944,-20.751953125,1,1,R1_T1,train,SPLIT-001,42
A-0344,A_full_set,dataset/audio/A_full_set/345_Engine-A.wav,737.5975258975408,-6.427764468345778,0,1,R0_T1,test,SPLIT-001,42
A-0345,A_full_set,dataset/audio/A_full_set/346_Engine-A.wav,1190.175168135324,-10.638836694022627,0,1,R0_T1,validation,SPLIT-001,42
A-0346,A_full_set,dataset/audio/A_full_set/347_Engine-A.wav,4863.164457202281,231.96835122457364,3,3,R3_T3,train,SPLIT-001,42
A-0347,A_full_set,dataset/audio/A_full_set/348_Engine-A.wav,3019.747848790061,22.959681110900814,2,1,R2_T1,train,SPLIT-001,42
A-0348,A_full_set,dataset/audio/A_full_set/349_Engine-A.wav,1044.6959028961835,139.80701982334097,0,2,R0_T2,validation,SPLIT-001,42
A-0349,A_full_set,dataset/audio/A_full_set/350_Engine-A.wav,1112.6658540431076,91.28191904000796,0,2,R0_T2,train,SPLIT-001,42
A-0350,A_full_set,dataset/audio/A_full_set/351_Engine-A.wav,2107.356295378312,305.2454312469648,1,3,R1_T3,validation,SPLIT-001,42
A-0351,A_full_set,dataset/audio/A_full_set/352_Engine-A.wav,3202.355933254004,386.05607686650137,2,3,R2_T3,train,SPLIT-001,42
A-0352,A_full_set,dataset/audio/A_full_set/353_Engine-A.wav,3585.476068946404,218.93249935574,2,2,R2_T2,test,SPLIT-001,42
A-0353,A_full_set,dataset/audio/A_full_set/354_Engine-A.wav,5350.224474513972,-18.3432106618528,3,1,R3_T1,validation,SPLIT-001,42
A-0354,A_full_set,dataset/audio/A_full_set/355_Engine-A.wav,953.406319631218,-6.6274648141471175,0,1,R0_T1,test,SPLIT-001,42
A-0355,A_full_set,dataset/audio/A_full_set/356_Engine-A.wav,1862.3738829036392,-27.499086953760163,1,0,R1_T0,train,SPLIT-001,42
A-0356,A_full_set,dataset/audio/A_full_set/357_Engine-A.wav,4918.57521966867,-96.35195610645988,3,0,R3_T0,train,SPLIT-001,42
A-0357,A_full_set,dataset/audio/A_full_set/358_Engine-A.wav,3010.6978749369714,-54.18968182784301,2,0,R2_T0,test,SPLIT-001,42
A-0358,A_full_set,dataset/audio/A_full_set/359_Engine-A.wav,2331.419998520435,161.12602208041886,1,2,R1_T2,train,SPLIT-001,42
A-0359,A_full_set,dataset/audio/A_full_set/360_Engine-A.wav,3166.110084761126,167.2812258195748,2,2,R2_T2,validation,SPLIT-001,42
A-0360,A_full_set,dataset/audio/A_full_set/361_Engine-A.wav,2242.477872025441,82.35105992678334,1,2,R1_T2,train,SPLIT-001,42
A-0361,A_full_set,dataset/audio/A_full_set/362_Engine-A.wav,1064.0377546067484,60.46787603114679,0,1,R0_T1,train,SPLIT-001,42
A-0362,A_full_set,dataset/audio/A_full_set/363_Engine-A.wav,3563.159958650749,-61.3758290298586,2,0,R2_T0,validation,SPLIT-001,42
A-0363,A_full_set,dataset/audio/A_full_set/364_Engine-A.wav,2550.220905805705,175.8388003879026,1,2,R1_T2,test,SPLIT-001,42
A-0364,A_full_set,dataset/audio/A_full_set/365_Engine-A.wav,1797.6591921328634,138.41160293499485,1,2,R1_T2,validation,SPLIT-001,42
A-0365,A_full_set,dataset/audio/A_full_set/366_Engine-A.wav,5425.600196821574,454.3025628060497,3,3,R3_T3,train,SPLIT-001,42
A-0366,A_full_set,dataset/audio/A_full_set/367_Engine-A.wav,1503.4564227592657,-16.380328460114434,0,1,R0_T1,validation,SPLIT-001,42
A-0367,A_full_set,dataset/audio/A_full_set/368_Engine-A.wav,3721.815000704633,554.6517042351286,2,3,R2_T3,train,SPLIT-001,42
A-0368,A_full_set,dataset/audio/A_full_set/369_Engine-A.wav,4627.240995831668,331.75597288073067,3,3,R3_T3,train,SPLIT-001,42
A-0369,A_full_set,dataset/audio/A_full_set/370_Engine-A.wav,3145.2733962516472,-80.04654762867666,2,0,R2_T0,train,SPLIT-001,42
A-0370,A_full_set,dataset/audio/A_full_set/371_Engine-A.wav,3602.413212783177,433.5632153763671,2,3,R2_T3,train,SPLIT-001,42
A-0371,A_full_set,dataset/audio/A_full_set/372_Engine-A.wav,1807.5871702633929,20.49122432847597,1,1,R1_T1,train,SPLIT-001,42
A-0372,A_full_set,dataset/audio/A_full_set/373_Engine-A.wav,3834.3423703821695,216.6616210317224,2,2,R2_T2,train,SPLIT-001,42
A-0373,A_full_set,dataset/audio/A_full_set/374_Engine-A.wav,3310.23128736956,211.4037183435952,2,2,R2_T2,train,SPLIT-001,42
A-0374,A_full_set,dataset/audio/A_full_set/375_Engine-A.wav,2021.3782783446272,-28.266976881156445,1,0,R1_T0,train,SPLIT-001,42
A-0375,A_full_set,dataset/audio/A_full_set/376_Engine-A.wav,1762.001118890902,-60.76131932710478,0,0,R0_T0,validation,SPLIT-001,42
A-0376,A_full_set,dataset/audio/A_full_set/377_Engine-A.wav,5049.802415184121,-19.03562103189639,3,1,R3_T1,train,SPLIT-001,42
A-0377,A_full_set,dataset/audio/A_full_set/378_Engine-A.wav,2214.3760877573072,-46.51661746224091,1,0,R1_T0,test,SPLIT-001,42
A-0378,A_full_set,dataset/audio/A_full_set/379_Engine-A.wav,2416.313615003582,159.6942619538643,1,2,R1_T2,train,SPLIT-001,42
A-0379,A_full_set,dataset/audio/A_full_set/380_Engine-A.wav,982.5171496557152,-5.527788037839144,0,1,R0_T1,train,SPLIT-001,42
A-0380,A_full_set,dataset/audio/A_full_set/381_Engine-A.wav,5757.92585491811,-30.675478317550205,3,0,R3_T0,train,SPLIT-001,42
A-0381,A_full_set,dataset/audio/A_full_set/382_Engine-A.wav,5738.2747854540485,318.8312531996908,3,3,R3_T3,train,SPLIT-001,42
A-0382,A_full_set,dataset/audio/A_full_set/383_Engine-A.wav,6184.504230364874,148.4117813937386,3,2,R3_T2,validation,SPLIT-001,42
A-0383,A_full_set,dataset/audio/A_full_set/384_Engine-A.wav,6027.629140019417,37.93060916662216,3,1,R3_T1,train,SPLIT-001,42
A-0384,A_full_set,dataset/audio/A_full_set/385_Engine-A.wav,2850.822007817628,194.3514241887948,1,2,R1_T2,train,SPLIT-001,42
A-0385,A_full_set,dataset/audio/A_full_set/386_Engine-A.wav,2238.5554254216554,150.58065093952789,1,2,R1_T2,train,SPLIT-001,42
A-0386,A_full_set,dataset/audio/A_full_set/387_Engine-A.wav,2927.139684889052,-52.10934631223601,1,0,R1_T0,train,SPLIT-001,42
A-0387,A_full_set,dataset/audio/A_full_set/388_Engine-A.wav,1806.293090572202,-27.028480209309237,1,0,R1_T0,test,SPLIT-001,42
A-0388,A_full_set,dataset/audio/A_full_set/389_Engine-A.wav,4409.233774014605,-71.36606878058375,2,0,R2_T0,train,SPLIT-001,42
A-0389,A_full_set,dataset/audio/A_full_set/390_Engine-A.wav,3579.7965202228165,-48.159201965745545,2,0,R2_T0,train,SPLIT-001,42
A-0390,A_full_set,dataset/audio/A_full_set/391_Engine-A.wav,726.9098387706948,-13.704298871808348,0,1,R0_T1,test,SPLIT-001,42
A-0391,A_full_set,dataset/audio/A_full_set/392_Engine-A.wav,2406.779772606655,20.81311840323073,1,1,R1_T1,train,SPLIT-001,42
A-0392,A_full_set,dataset/audio/A_full_set/393_Engine-A.wav,4615.945210754064,162.87485293256557,3,2,R3_T2,train,SPLIT-001,42
A-0393,A_full_set,dataset/audio/A_full_set/394_Engine-A.wav,4208.551476124502,335.26667556142417,2,3,R2_T3,test,SPLIT-001,42
A-0394,A_full_set,dataset/audio/A_full_set/395_Engine-A.wav,3892.329456284642,-65.40395313641056,2,0,R2_T0,train,SPLIT-001,42
A-0395,A_full_set,dataset/audio/A_full_set/396_Engine-A.wav,4208.964096627585,193.6506485357517,2,2,R2_T2,train,SPLIT-001,42
A-0396,A_full_set,dataset/audio/A_full_set/397_Engine-A.wav,5427.117238106358,31.501825417486383,3,1,R3_T1,test,SPLIT-001,42
A-0397,A_full_set,dataset/audio/A_full_set/398_Engine-A.wav,4329.71587281743,694.6443421545004,2,3,R2_T3,train,SPLIT-001,42
A-0398,A_full_set,dataset/audio/A_full_set/399_Engine-A.wav,5694.804096987488,228.68270693569008,3,3,R3_T3,train,SPLIT-001,42
A-0399,A_full_set,dataset/audio/A_full_set/400_Engine-A.wav,1225.1349648162925,-9.125716305037502,0,1,R0_T1,train,SPLIT-001,42
A-0400,A_full_set,dataset/audio/A_full_set/401_Engine-A.wav,4196.942868529943,716.2201115367858,2,3,R2_T3,validation,SPLIT-001,42
A-0401,A_full_set,dataset/audio/A_full_set/402_Engine-A.wav,3602.042396353206,46.65871869308805,2,1,R2_T1,train,SPLIT-001,42
A-0402,A_full_set,dataset/audio/A_full_set/403_Engine-A.wav,2330.113312222448,-37.92352495477775,1,0,R1_T0,train,SPLIT-001,42
A-0403,A_full_set,dataset/audio/A_full_set/404_Engine-A.wav,5400.461370059791,-38.96811735985402,3,0,R3_T0,test,SPLIT-001,42
A-0404,A_full_set,dataset/audio/A_full_set/405_Engine-A.wav,2779.3361379525204,206.44504991650257,1,2,R1_T2,test,SPLIT-001,42
A-0405,A_full_set,dataset/audio/A_full_set/406_Engine-A.wav,732.3315276686092,-10.483802133782444,0,1,R0_T1,train,SPLIT-001,42
A-0406,A_full_set,dataset/audio/A_full_set/407_Engine-A.wav,2102.084196550736,7.631011280587049,1,1,R1_T1,train,SPLIT-001,42
A-0407,A_full_set,dataset/audio/A_full_set/408_Engine-A.wav,919.5020591806554,269.58806122949943,0,3,R0_T3,train,SPLIT-001,42
A-0408,A_full_set,dataset/audio/A_full_set/409_Engine-A.wav,2380.9402770789334,-77.02082016280673,1,0,R1_T0,train,SPLIT-001,42
A-0409,A_full_set,dataset/audio/A_full_set/410_Engine-A.wav,2394.841274017184,250.63939922548863,1,3,R1_T3,validation,SPLIT-001,42
A-0410,A_full_set,dataset/audio/A_full_set/411_Engine-A.wav,6456.260547276112,153.89851779472536,3,2,R3_T2,train,SPLIT-001,42
A-0411,A_full_set,dataset/audio/A_full_set/412_Engine-A.wav,1234.5846465609584,185.6376766835448,0,2,R0_T2,test,SPLIT-001,42
A-0412,A_full_set,dataset/audio/A_full_set/413_Engine-A.wav,3594.4217242522614,328.01852507966,2,3,R2_T3,train,SPLIT-001,42
A-0413,A_full_set,dataset/audio/A_full_set/414_Engine-A.wav,5760.911835496721,165.12605691273356,3,2,R3_T2,train,SPLIT-001,42
A-0414,A_full_set,dataset/audio/A_full_set/415_Engine-A.wav,2559.0015452728685,10.287436353481882,1,1,R1_T1,train,SPLIT-001,42
A-0415,A_full_set,dataset/audio/A_full_set/416_Engine-A.wav,2988.817282679281,-53.55961083719724,1,0,R1_T0,train,SPLIT-001,42
A-0416,A_full_set,dataset/audio/A_full_set/417_Engine-A.wav,1345.3094055207723,109.65329294569754,0,2,R0_T2,validation,SPLIT-001,42
A-0417,A_full_set,dataset/audio/A_full_set/418_Engine-A.wav,3446.5075412739907,335.38158504620475,2,3,R2_T3,test,SPLIT-001,42
A-0418,A_full_set,dataset/audio/A_full_set/419_Engine-A.wav,1797.3649709851438,-21.748132886602303,1,0,R1_T0,train,SPLIT-001,42
A-0419,A_full_set,dataset/audio/A_full_set/420_Engine-A.wav,2106.8691165185637,231.39453216071217,1,3,R1_T3,train,SPLIT-001,42
A-0420,A_full_set,dataset/audio/A_full_set/421_Engine-A.wav,6096.15857452558,-74.41178241719399,3,0,R3_T0,train,SPLIT-001,42
A-0421,A_full_set,dataset/audio/A_full_set/422_Engine-A.wav,3568.1497532500807,40.87007750017533,2,1,R2_T1,test,SPLIT-001,42
A-0422,A_full_set,dataset/audio/A_full_set/423_Engine-A.wav,4827.477895163277,453.9271064177088,3,3,R3_T3,train,SPLIT-001,42
A-0423,A_full_set,dataset/audio/A_full_set/424_Engine-A.wav,1951.4305102012872,145.61058259800652,1,2,R1_T2,train,SPLIT-001,42
A-0424,A_full_set,dataset/audio/A_full_set/425_Engine-A.wav,3002.911675719388,292.86748746546306,2,3,R2_T3,train,SPLIT-001,42
A-0425,A_full_set,dataset/audio/A_full_set/426_Engine-A.wav,2195.618634624533,-27.87627258921057,1,0,R1_T0,validation,SPLIT-001,42
A-0426,A_full_set,dataset/audio/A_full_set/427_Engine-A.wav,2700.2688719609764,370.5869830107387,1,3,R1_T3,train,SPLIT-001,42
A-0427,A_full_set,dataset/audio/A_full_set/428_Engine-A.wav,2544.960882088679,-36.57286202035299,1,0,R1_T0,train,SPLIT-001,42
A-0428,A_full_set,dataset/audio/A_full_set/429_Engine-A.wav,3195.510911812304,-57.81325895934893,2,0,R2_T0,train,SPLIT-001,42
A-0429,A_full_set,dataset/audio/A_full_set/430_Engine-A.wav,3564.213696629443,-9.604769395598282,2,1,R2_T1,train,SPLIT-001,42
A-0430,A_full_set,dataset/audio/A_full_set/431_Engine-A.wav,1651.1733445074285,134.6535292828655,0,2,R0_T2,train,SPLIT-001,42
A-0431,A_full_set,dataset/audio/A_full_set/432_Engine-A.wav,2331.6937929892606,7.598678723260316,1,1,R1_T1,train,SPLIT-001,42
A-0432,A_full_set,dataset/audio/A_full_set/433_Engine-A.wav,3321.0785646102618,-60.11357222146136,2,0,R2_T0,train,SPLIT-001,42
A-0433,A_full_set,dataset/audio/A_full_set/434_Engine-A.wav,2404.33284554144,451.7690621368431,1,3,R1_T3,train,SPLIT-001,42
A-0434,A_full_set,dataset/audio/A_full_set/435_Engine-A.wav,1846.3306840519272,-28.28065112354309,1,0,R1_T0,train,SPLIT-001,42
A-0435,A_full_set,dataset/audio/A_full_set/436_Engine-A.wav,2219.217457034724,-27.90226173917776,1,0,R1_T0,train,SPLIT-001,42
A-0436,A_full_set,dataset/audio/A_full_set/437_Engine-A.wav,4561.42804060525,-73.96790972247034,3,0,R3_T0,train,SPLIT-001,42
A-0437,A_full_set,dataset/audio/A_full_set/438_Engine-A.wav,2161.1868256152807,258.45889414552107,1,3,R1_T3,test,SPLIT-001,42
A-0438,A_full_set,dataset/audio/A_full_set/439_Engine-A.wav,3190.612768674608,-53.23576629969486,2,0,R2_T0,train,SPLIT-001,42
A-0439,A_full_set,dataset/audio/A_full_set/440_Engine-A.wav,1581.333104058656,-21.3082191033092,0,0,R0_T0,test,SPLIT-001,42
A-0440,A_full_set,dataset/audio/A_full_set/441_Engine-A.wav,3404.9210855954384,-60.6105825636122,2,0,R2_T0,train,SPLIT-001,42
A-0441,A_full_set,dataset/audio/A_full_set/442_Engine-A.wav,5677.822634068931,-39.043199854491526,3,0,R3_T0,train,SPLIT-001,42
A-0442,A_full_set,dataset/audio/A_full_set/443_Engine-A.wav,3125.454288575708,-52.32320558087935,2,0,R2_T0,train,SPLIT-001,42
A-0443,A_full_set,dataset/audio/A_full_set/444_Engine-A.wav,2994.674509973707,100.41356218539602,1,2,R1_T2,train,SPLIT-001,42
A-0444,A_full_set,dataset/audio/A_full_set/445_Engine-A.wav,4366.399404737685,-93.58412497088838,2,0,R2_T0,validation,SPLIT-001,42
A-0445,A_full_set,dataset/audio/A_full_set/446_Engine-A.wav,6164.296425196537,-23.615417635537742,3,0,R3_T0,train,SPLIT-001,42
A-0446,A_full_set,dataset/audio/A_full_set/447_Engine-A.wav,905.1748620930002,0.9119153689982286,0,1,R0_T1,train,SPLIT-001,42
A-0447,A_full_set,dataset/audio/A_full_set/448_Engine-A.wav,5679.19799112046,518.0394791393745,3,3,R3_T3,train,SPLIT-001,42
A-0448,A_full_set,dataset/audio/A_full_set/449_Engine-A.wav,3610.796415639257,330.7542380339609,2,3,R2_T3,test,SPLIT-001,42
A-0449,A_full_set,dataset/audio/A_full_set/450_Engine-A.wav,5659.08420893558,117.4291351235656,3,2,R3_T2,train,SPLIT-001,42
A-0450,A_full_set,dataset/audio/A_full_set/451_Engine-A.wav,733.0443860392584,-7.254507690264281,0,1,R0_T1,train,SPLIT-001,42
A-0451,A_full_set,dataset/audio/A_full_set/452_Engine-A.wav,651.5071179362253,6.679747856504195,0,1,R0_T1,train,SPLIT-001,42
A-0452,A_full_set,dataset/audio/A_full_set/453_Engine-A.wav,894.239885776638,3.551504868192968,0,1,R0_T1,train,SPLIT-001,42
A-0453,A_full_set,dataset/audio/A_full_set/454_Engine-A.wav,4151.968390508719,-73.72902035390135,2,0,R2_T0,validation,SPLIT-001,42
A-0454,A_full_set,dataset/audio/A_full_set/455_Engine-A.wav,1878.4168610404824,15.964230638209395,1,1,R1_T1,train,SPLIT-001,42
A-0455,A_full_set,dataset/audio/A_full_set/456_Engine-A.wav,3318.163156380175,-59.38976587641853,2,0,R2_T0,train,SPLIT-001,42
A-0456,A_full_set,dataset/audio/A_full_set/457_Engine-A.wav,1091.4557211444308,-9.151435634954188,0,1,R0_T1,train,SPLIT-001,42
A-0457,A_full_set,dataset/audio/A_full_set/458_Engine-A.wav,2686.8549393444528,22.7837199699588,1,1,R1_T1,test,SPLIT-001,42
A-0458,A_full_set,dataset/audio/A_full_set/459_Engine-A.wav,1205.8083718944445,199.96811384740084,0,2,R0_T2,train,SPLIT-001,42
A-0459,A_full_set,dataset/audio/A_full_set/460_Engine-A.wav,1201.395450333352,304.95585440865415,0,3,R0_T3,train,SPLIT-001,42
A-0460,A_full_set,dataset/audio/A_full_set/461_Engine-A.wav,1816.926238243468,652.986247849185,1,3,R1_T3,train,SPLIT-001,42
A-0461,A_full_set,dataset/audio/A_full_set/462_Engine-A.wav,2247.491726561057,247.50383592494467,1,3,R1_T3,train,SPLIT-001,42
A-0462,A_full_set,dataset/audio/A_full_set/463_Engine-A.wav,1390.1677723499497,-11.86099732148292,0,1,R0_T1,train,SPLIT-001,42
A-0463,A_full_set,dataset/audio/A_full_set/464_Engine-A.wav,3731.452626587576,-48.917467019099206,2,0,R2_T0,train,SPLIT-001,42
A-0464,A_full_set,dataset/audio/A_full_set/465_Engine-A.wav,1198.3948433724645,19.140889598819435,0,1,R0_T1,test,SPLIT-001,42
A-0465,A_full_set,dataset/audio/A_full_set/466_Engine-A.wav,2548.1253135883085,92.12874332144592,1,2,R1_T2,train,SPLIT-001,42
A-0466,A_full_set,dataset/audio/A_full_set/467_Engine-A.wav,1537.178333305642,-3.7265265994059766,0,1,R0_T1,train,SPLIT-001,42
A-0467,A_full_set,dataset/audio/A_full_set/468_Engine-A.wav,4574.636072711893,57.533966726080834,3,1,R3_T1,validation,SPLIT-001,42
A-0468,A_full_set,dataset/audio/A_full_set/469_Engine-A.wav,3630.9145366596335,-62.21345575844369,2,0,R2_T0,train,SPLIT-001,42
A-0469,A_full_set,dataset/audio/A_full_set/470_Engine-A.wav,3709.282132797448,168.78408912720718,2,2,R2_T2,train,SPLIT-001,42
A-0470,A_full_set,dataset/audio/A_full_set/471_Engine-A.wav,3778.031798882213,46.78050638214359,2,1,R2_T1,train,SPLIT-001,42
A-0471,A_full_set,dataset/audio/A_full_set/472_Engine-A.wav,1134.923257801914,-10.43452477390527,0,1,R0_T1,train,SPLIT-001,42
A-0472,A_full_set,dataset/audio/A_full_set/473_Engine-A.wav,1204.060627386822,135.4295111865532,0,2,R0_T2,test,SPLIT-001,42
A-0473,A_full_set,dataset/audio/A_full_set/474_Engine-A.wav,1052.5059061644847,-6.558182258916095,0,1,R0_T1,validation,SPLIT-001,42
A-0474,A_full_set,dataset/audio/A_full_set/475_Engine-A.wav,5825.722832925275,211.2743420587969,3,2,R3_T2,train,SPLIT-001,42
A-0475,A_full_set,dataset/audio/A_full_set/476_Engine-A.wav,1486.7121539664402,-28.286449210320864,0,0,R0_T0,train,SPLIT-001,42
A-0476,A_full_set,dataset/audio/A_full_set/477_Engine-A.wav,1458.2417656089556,128.4255032423066,0,2,R0_T2,train,SPLIT-001,42
A-0477,A_full_set,dataset/audio/A_full_set/478_Engine-A.wav,3801.5963836091,299.104913230834,2,3,R2_T3,train,SPLIT-001,42
A-0478,A_full_set,dataset/audio/A_full_set/479_Engine-A.wav,4817.251587149485,344.1673457836548,3,3,R3_T3,train,SPLIT-001,42
A-0479,A_full_set,dataset/audio/A_full_set/480_Engine-A.wav,3000.3489672653072,167.68966695480557,2,2,R2_T2,train,SPLIT-001,42
A-0480,A_full_set,dataset/audio/A_full_set/481_Engine-A.wav,2501.95777345156,240.41085783382096,1,3,R1_T3,train,SPLIT-001,42
A-0481,A_full_set,dataset/audio/A_full_set/482_Engine-A.wav,1652.0875752408865,196.87653204678617,0,2,R0_T2,train,SPLIT-001,42
A-0482,A_full_set,dataset/audio/A_full_set/483_Engine-A.wav,1954.5177356337467,-25.22662041310049,1,0,R1_T0,train,SPLIT-001,42
A-0483,A_full_set,dataset/audio/A_full_set/484_Engine-A.wav,1462.1631823904147,81.52945862229923,0,2,R0_T2,test,SPLIT-001,42
A-0484,A_full_set,dataset/audio/A_full_set/485_Engine-A.wav,2696.061165352178,277.2916332234535,1,3,R1_T3,test,SPLIT-001,42
A-0485,A_full_set,dataset/audio/A_full_set/486_Engine-A.wav,2971.635198205467,-20.31476943473506,1,1,R1_T1,test,SPLIT-001,42
A-0486,A_full_set,dataset/audio/A_full_set/487_Engine-A.wav,3917.8669844216447,451.4446227531123,2,3,R2_T3,test,SPLIT-001,42
A-0487,A_full_set,dataset/audio/A_full_set/488_Engine-A.wav,4902.224707668067,244.6162614589784,3,3,R3_T3,train,SPLIT-001,42
A-0488,A_full_set,dataset/audio/A_full_set/489_Engine-A.wav,2358.0746854869976,-39.16428702956616,1,0,R1_T0,test,SPLIT-001,42
A-0489,A_full_set,dataset/audio/A_full_set/490_Engine-A.wav,1503.704253591215,237.71383131251616,0,3,R0_T3,train,SPLIT-001,42
A-0490,A_full_set,dataset/audio/A_full_set/491_Engine-A.wav,1253.4063819947282,3.9678973686404335,0,1,R0_T1,train,SPLIT-001,42
A-0491,A_full_set,dataset/audio/A_full_set/492_Engine-A.wav,2021.769656463044,466.68147730633495,1,3,R1_T3,validation,SPLIT-001,42
A-0492,A_full_set,dataset/audio/A_full_set/493_Engine-A.wav,2041.2644435396685,-27.76312179358671,1,0,R1_T0,train,SPLIT-001,42
A-0493,A_full_set,dataset/audio/A_full_set/494_Engine-A.wav,2321.3623848064803,508.1436699968044,1,3,R1_T3,validation,SPLIT-001,42
A-0494,A_full_set,dataset/audio/A_full_set/495_Engine-A.wav,4713.115555677957,-75.85349804017602,3,0,R3_T0,train,SPLIT-001,42
A-0495,A_full_set,dataset/audio/A_full_set/496_Engine-A.wav,3323.9285854143177,415.8854835014033,2,3,R2_T3,train,SPLIT-001,42
A-0496,A_full_set,dataset/audio/A_full_set/497_Engine-A.wav,2529.1785139378494,162.60901345147028,1,2,R1_T2,test,SPLIT-001,42
A-0497,A_full_set,dataset/audio/A_full_set/498_Engine-A.wav,1443.4149773930646,93.91983776805304,0,2,R0_T2,train,SPLIT-001,42
A-0498,A_full_set,dataset/audio/A_full_set/499_Engine-A.wav,5131.246967367363,335.0732261637039,3,3,R3_T3,train,SPLIT-001,42
A-0499,A_full_set,dataset/audio/A_full_set/500_Engine-A.wav,2711.7197651850174,165.05744623944042,1,2,R1_T2,train,SPLIT-001,42
A-0500,A_full_set,dataset/audio/A_full_set/501_Engine-A.wav,1681.2306437712052,11.373465158105866,0,1,R0_T1,train,SPLIT-001,42
A-0501,A_full_set,dataset/audio/A_full_set/502_Engine-A.wav,6532.811147473504,59.391438209935416,3,1,R3_T1,train,SPLIT-001,42
A-0502,A_full_set,dataset/audio/A_full_set/503_Engine-A.wav,3972.04637036414,457.1537596229615,2,3,R2_T3,train,SPLIT-001,42
A-0503,A_full_set,dataset/audio/A_full_set/504_Engine-A.wav,3555.2599377102324,169.73326685628916,2,2,R2_T2,train,SPLIT-001,42
A-0504,A_full_set,dataset/audio/A_full_set/505_Engine-A.wav,2870.165699284252,355.9552827953969,1,3,R1_T3,validation,SPLIT-001,42
A-0505,A_full_set,dataset/audio/A_full_set/506_Engine-A.wav,911.4239777975936,16.12393392133842,0,1,R0_T1,train,SPLIT-001,42
A-0506,A_full_set,dataset/audio/A_full_set/507_Engine-A.wav,3905.0231760285465,325.740050000838,2,3,R2_T3,validation,SPLIT-001,42
A-0507,A_full_set,dataset/audio/A_full_set/508_Engine-A.wav,5859.273465474446,157.0973134234669,3,2,R3_T2,test,SPLIT-001,42
A-0508,A_full_set,dataset/audio/A_full_set/509_Engine-A.wav,3281.836333959729,-21.497603935924,2,0,R2_T0,train,SPLIT-001,42
A-0509,A_full_set,dataset/audio/A_full_set/510_Engine-A.wav,4384.170361650668,168.8375705109056,2,2,R2_T2,test,SPLIT-001,42
A-0510,A_full_set,dataset/audio/A_full_set/511_Engine-A.wav,6216.767744536405,-97.50300057058726,3,0,R3_T0,train,SPLIT-001,42
A-0511,A_full_set,dataset/audio/A_full_set/512_Engine-A.wav,1799.2989754612206,210.7046042031389,1,2,R1_T2,validation,SPLIT-001,42
A-0512,A_full_set,dataset/audio/A_full_set/513_Engine-A.wav,3659.6539701549664,166.86596976386176,2,2,R2_T2,train,SPLIT-001,42
A-0513,A_full_set,dataset/audio/A_full_set/514_Engine-A.wav,3482.7265380197746,-61.26087209396569,2,0,R2_T0,train,SPLIT-001,42
A-0514,A_full_set,dataset/audio/A_full_set/515_Engine-A.wav,1076.6571949307736,28.33343486373241,0,1,R0_T1,test,SPLIT-001,42
A-0515,A_full_set,dataset/audio/A_full_set/516_Engine-A.wav,4492.373162459942,-73.24974028573882,3,0,R3_T0,train,SPLIT-001,42
A-0516,A_full_set,dataset/audio/A_full_set/517_Engine-A.wav,3701.759619570683,325.30156122636663,2,3,R2_T3,train,SPLIT-001,42
A-0517,A_full_set,dataset/audio/A_full_set/518_Engine-A.wav,4824.885006401861,31.29715674839749,3,1,R3_T1,train,SPLIT-001,42
A-0518,A_full_set,dataset/audio/A_full_set/519_Engine-A.wav,3471.1306615896665,165.7574998395553,2,2,R2_T2,test,SPLIT-001,42
A-0519,A_full_set,dataset/audio/A_full_set/520_Engine-A.wav,3877.4599101162216,278.1868232168802,2,3,R2_T3,train,SPLIT-001,42
A-0520,A_full_set,dataset/audio/A_full_set/521_Engine-A.wav,3182.7197015447023,-57.39997905121263,2,0,R2_T0,train,SPLIT-001,42
A-0521,A_full_set,dataset/audio/A_full_set/522_Engine-A.wav,6245.607061377262,-15.631601960849231,3,1,R3_T1,train,SPLIT-001,42
A-0522,A_full_set,dataset/audio/A_full_set/523_Engine-A.wav,5699.685144137187,-90.70312420287765,3,0,R3_T0,validation,SPLIT-001,42
A-0523,A_full_set,dataset/audio/A_full_set/524_Engine-A.wav,2360.129548152934,-38.44157097462393,1,0,R1_T0,validation,SPLIT-001,42
A-0524,A_full_set,dataset/audio/A_full_set/525_Engine-A.wav,6643.843177667598,421.9610488850488,3,3,R3_T3,validation,SPLIT-001,42
A-0525,A_full_set,dataset/audio/A_full_set/526_Engine-A.wav,2131.56123846204,169.22846036874827,1,2,R1_T2,validation,SPLIT-001,42
A-0526,A_full_set,dataset/audio/A_full_set/527_Engine-A.wav,4725.210116782659,686.2114739250129,3,3,R3_T3,train,SPLIT-001,42
A-0527,A_full_set,dataset/audio/A_full_set/528_Engine-A.wav,1439.8988982203207,-13.625020593162477,0,1,R0_T1,train,SPLIT-001,42
A-0528,A_full_set,dataset/audio/A_full_set/529_Engine-A.wav,2852.1641868239817,158.7795539277033,1,2,R1_T2,train,SPLIT-001,42
A-0529,A_full_set,dataset/audio/A_full_set/530_Engine-A.wav,4869.18936447544,108.77952713992714,3,2,R3_T2,validation,SPLIT-001,42
A-0530,A_full_set,dataset/audio/A_full_set/531_Engine-A.wav,1282.869268174417,-42.42620587025878,0,0,R0_T0,train,SPLIT-001,42
A-0531,A_full_set,dataset/audio/A_full_set/532_Engine-A.wav,5587.757066142592,-74.58898399580463,3,0,R3_T0,train,SPLIT-001,42
A-0532,A_full_set,dataset/audio/A_full_set/533_Engine-A.wav,1504.6238183028174,129.98796030213128,0,2,R0_T2,train,SPLIT-001,42
A-0533,A_full_set,dataset/audio/A_full_set/534_Engine-A.wav,3039.2028519131627,168.04072610084927,2,2,R2_T2,train,SPLIT-001,42
A-0534,A_full_set,dataset/audio/A_full_set/535_Engine-A.wav,680.247074590539,24.842557535981232,0,1,R0_T1,train,SPLIT-001,42
A-0535,A_full_set,dataset/audio/A_full_set/536_Engine-A.wav,6212.864065835924,544.8206756925825,3,3,R3_T3,train,SPLIT-001,42
A-0536,A_full_set,dataset/audio/A_full_set/537_Engine-A.wav,5149.85994454399,162.9635702328853,3,2,R3_T2,validation,SPLIT-001,42
A-0537,A_full_set,dataset/audio/A_full_set/538_Engine-A.wav,2918.3653492914627,-52.046711412548696,1,0,R1_T0,validation,SPLIT-001,42
A-0538,A_full_set,dataset/audio/A_full_set/539_Engine-A.wav,3739.743163979797,374.0799011189117,2,3,R2_T3,validation,SPLIT-001,42
A-0539,A_full_set,dataset/audio/A_full_set/540_Engine-A.wav,3800.533282272215,-49.03909889986198,2,0,R2_T0,train,SPLIT-001,42
A-0540,A_full_set,dataset/audio/A_full_set/541_Engine-A.wav,1636.7302617404314,-65.28910104416113,0,0,R0_T0,test,SPLIT-001,42
A-0541,A_full_set,dataset/audio/A_full_set/542_Engine-A.wav,1197.8193268526431,107.50890858182612,0,2,R0_T2,train,SPLIT-001,42
A-0542,A_full_set,dataset/audio/A_full_set/543_Engine-A.wav,5396.175201023174,229.47123064904355,3,3,R3_T3,train,SPLIT-001,42
A-0543,A_full_set,dataset/audio/A_full_set/544_Engine-A.wav,3032.1106138649407,158.89115346683278,2,2,R2_T2,train,SPLIT-001,42
A-0544,A_full_set,dataset/audio/A_full_set/545_Engine-A.wav,4815.452798527678,313.8871264949529,3,3,R3_T3,validation,SPLIT-001,42
A-0545,A_full_set,dataset/audio/A_full_set/546_Engine-A.wav,5139.716982130759,-31.312234356474423,3,0,R3_T0,train,SPLIT-001,42
A-0546,A_full_set,dataset/audio/A_full_set/547_Engine-A.wav,1427.4418368249085,-14.376707774836843,0,1,R0_T1,train,SPLIT-001,42
A-0547,A_full_set,dataset/audio/A_full_set/548_Engine-A.wav,941.1243114032244,-6.932299388082404,0,1,R0_T1,train,SPLIT-001,42
A-0548,A_full_set,dataset/audio/A_full_set/549_Engine-A.wav,3493.0381697367848,190.3893559670384,2,2,R2_T2,train,SPLIT-001,42
A-0549,A_full_set,dataset/audio/A_full_set/550_Engine-A.wav,4439.673266630509,-90.25521927086642,2,0,R2_T0,train,SPLIT-001,42
A-0550,A_full_set,dataset/audio/A_full_set/551_Engine-A.wav,859.8211424888214,-23.63166368076567,0,0,R0_T0,train,SPLIT-001,42
A-0551,A_full_set,dataset/audio/A_full_set/552_Engine-A.wav,4769.718770799921,163.94146808117708,3,2,R3_T2,train,SPLIT-001,42
A-0552,A_full_set,dataset/audio/A_full_set/553_Engine-A.wav,1349.2132099017217,8.312923669168942,0,1,R0_T1,train,SPLIT-001,42
A-0553,A_full_set,dataset/audio/A_full_set/554_Engine-A.wav,5090.736150353905,228.212720669382,3,3,R3_T3,validation,SPLIT-001,42
A-0554,A_full_set,dataset/audio/A_full_set/555_Engine-A.wav,1540.4991940754217,7.901863108482464,0,1,R0_T1,train,SPLIT-001,42
A-0555,A_full_set,dataset/audio/A_full_set/556_Engine-A.wav,1288.247426705701,-47.64517982091223,0,0,R0_T0,test,SPLIT-001,42
A-0556,A_full_set,dataset/audio/A_full_set/557_Engine-A.wav,4515.395072790293,444.6740181431205,3,3,R3_T3,test,SPLIT-001,42
A-0557,A_full_set,dataset/audio/A_full_set/558_Engine-A.wav,6026.765852863095,455.47395531854414,3,3,R3_T3,train,SPLIT-001,42
A-0558,A_full_set,dataset/audio/A_full_set/559_Engine-A.wav,3032.201914800215,278.1979426975819,2,3,R2_T3,validation,SPLIT-001,42
A-0559,A_full_set,dataset/audio/A_full_set/560_Engine-A.wav,1604.7636750590834,-72.6579182839329,0,0,R0_T0,train,SPLIT-001,42
A-0560,A_full_set,dataset/audio/A_full_set/561_Engine-A.wav,5821.702092902124,170.64263604843842,3,2,R3_T2,train,SPLIT-001,42
A-0561,A_full_set,dataset/audio/A_full_set/562_Engine-A.wav,1019.6525108523484,-3.830150821344639,0,1,R0_T1,train,SPLIT-001,42
A-0562,A_full_set,dataset/audio/A_full_set/563_Engine-A.wav,1316.8157664684009,-6.646284924757234,0,1,R0_T1,train,SPLIT-001,42
A-0563,A_full_set,dataset/audio/A_full_set/564_Engine-A.wav,4613.503599296094,6.100058516835778,3,1,R3_T1,validation,SPLIT-001,42
A-0564,A_full_set,dataset/audio/A_full_set/565_Engine-A.wav,6578.156093917888,108.55453542900602,3,2,R3_T2,validation,SPLIT-001,42
A-0565,A_full_set,dataset/audio/A_full_set/566_Engine-A.wav,2182.5923418287985,-74.51425624733695,1,0,R1_T0,validation,SPLIT-001,42
A-0566,A_full_set,dataset/audio/A_full_set/567_Engine-A.wav,3442.744368783181,-75.83707582013717,2,0,R2_T0,validation,SPLIT-001,42
A-0567,A_full_set,dataset/audio/A_full_set/568_Engine-A.wav,2389.648706803154,87.07733790079753,1,2,R1_T2,validation,SPLIT-001,42
A-0568,A_full_set,dataset/audio/A_full_set/569_Engine-A.wav,1953.4232525557225,290.8412496104648,1,3,R1_T3,train,SPLIT-001,42
A-0569,A_full_set,dataset/audio/A_full_set/570_Engine-A.wav,4163.40929046879,-11.407222541044074,2,1,R2_T1,test,SPLIT-001,42
A-0570,A_full_set,dataset/audio/A_full_set/571_Engine-A.wav,6741.456855498746,452.91203010975,3,3,R3_T3,test,SPLIT-001,42
A-0571,A_full_set,dataset/audio/A_full_set/572_Engine-A.wav,1156.4546409338147,13.37305596204308,0,1,R0_T1,validation,SPLIT-001,42
A-0572,A_full_set,dataset/audio/A_full_set/573_Engine-A.wav,4197.98018602821,229.94778842460815,2,3,R2_T3,train,SPLIT-001,42
A-0573,A_full_set,dataset/audio/A_full_set/574_Engine-A.wav,3538.5249476445724,334.72474255859044,2,3,R2_T3,validation,SPLIT-001,42
A-0574,A_full_set,dataset/audio/A_full_set/575_Engine-A.wav,1168.089257217035,26.300178620873428,0,1,R0_T1,train,SPLIT-001,42
A-0575,A_full_set,dataset/audio/A_full_set/576_Engine-A.wav,5140.676139169916,35.52321555491709,3,1,R3_T1,train,SPLIT-001,42
A-0576,A_full_set,dataset/audio/A_full_set/577_Engine-A.wav,3306.108766261155,107.72093496348477,2,2,R2_T2,train,SPLIT-001,42
A-0577,A_full_set,dataset/audio/A_full_set/578_Engine-A.wav,1080.675785715987,36.005572962567086,0,1,R0_T1,test,SPLIT-001,42
A-0578,A_full_set,dataset/audio/A_full_set/579_Engine-A.wav,2865.0802110914938,-71.34012723679788,1,0,R1_T0,train,SPLIT-001,42
A-0579,A_full_set,dataset/audio/A_full_set/580_Engine-A.wav,1076.1035061141015,-6.790282138317904,0,1,R0_T1,test,SPLIT-001,42
A-0580,A_full_set,dataset/audio/A_full_set/581_Engine-A.wav,5963.147431477163,116.22524051105276,3,2,R3_T2,train,SPLIT-001,42
A-0581,A_full_set,dataset/audio/A_full_set/582_Engine-A.wav,1811.800221662512,447.2061412554261,1,3,R1_T3,test,SPLIT-001,42
A-0582,A_full_set,dataset/audio/A_full_set/583_Engine-A.wav,4205.914876777628,328.7079910857245,2,3,R2_T3,train,SPLIT-001,42
A-0583,A_full_set,dataset/audio/A_full_set/584_Engine-A.wav,3009.2477183354904,395.3908533132496,2,3,R2_T3,train,SPLIT-001,42
A-0584,A_full_set,dataset/audio/A_full_set/585_Engine-A.wav,5712.799516347078,340.46269000113546,3,3,R3_T3,train,SPLIT-001,42
A-0585,A_full_set,dataset/audio/A_full_set/586_Engine-A.wav,2614.1638680848328,252.00002463529427,1,3,R1_T3,train,SPLIT-001,42
A-0586,A_full_set,dataset/audio/A_full_set/587_Engine-A.wav,2397.0117716234586,338.2657461600652,1,3,R1_T3,test,SPLIT-001,42
A-0587,A_full_set,dataset/audio/A_full_set/588_Engine-A.wav,4035.037447508112,93.7499448471276,2,2,R2_T2,train,SPLIT-001,42
A-0588,A_full_set,dataset/audio/A_full_set/589_Engine-A.wav,3889.646289277529,220.13694515073203,2,2,R2_T2,train,SPLIT-001,42
A-0589,A_full_set,dataset/audio/A_full_set/590_Engine-A.wav,1448.1935316954202,-64.55570313988662,0,0,R0_T0,validation,SPLIT-001,42
A-0590,A_full_set,dataset/audio/A_full_set/591_Engine-A.wav,5256.422344714322,-84.90266986009551,3,0,R3_T0,train,SPLIT-001,42
A-0591,A_full_set,dataset/audio/A_full_set/592_Engine-A.wav,5017.548911552119,-79.97882538048556,3,0,R3_T0,train,SPLIT-001,42
A-0592,A_full_set,dataset/audio/A_full_set/593_Engine-A.wav,2400.498343791711,323.82393027943,1,3,R1_T3,train,SPLIT-001,42
A-0593,A_full_set,dataset/audio/A_full_set/594_Engine-A.wav,3930.527829736229,280.2053980323357,2,3,R2_T3,train,SPLIT-001,42
A-0594,A_full_set,dataset/audio/A_full_set/595_Engine-A.wav,2369.5870598480305,-20.609829031678075,1,1,R1_T1,train,SPLIT-001,42
A-0595,A_full_set,dataset/audio/A_full_set/596_Engine-A.wav,3021.3855433270214,201.5265153094036,2,2,R2_T2,train,SPLIT-001,42
A-0596,A_full_set,dataset/audio/A_full_set/597_Engine-A.wav,2078.380179986721,165.97645684632505,1,2,R1_T2,train,SPLIT-001,42
A-0597,A_full_set,dataset/audio/A_full_set/598_Engine-A.wav,5733.179864702654,37.30908970608086,3,1,R3_T1,train,SPLIT-001,42
A-0598,A_full_set,dataset/audio/A_full_set/599_Engine-A.wav,3675.40841503195,-84.77373484996599,2,0,R2_T0,train,SPLIT-001,42
A-0599,A_full_set,dataset/audio/A_full_set/600_Engine-A.wav,2107.9625680096565,449.2530675516242,1,3,R1_T3,train,SPLIT-001,42
A-0600,A_full_set,dataset/audio/A_full_set/601_Engine-A.wav,1649.7569372175392,66.49159296981645,0,2,R0_T2,train,SPLIT-001,42
A-0601,A_full_set,dataset/audio/A_full_set/602_Engine-A.wav,2113.8549703777103,695.7892641402925,1,3,R1_T3,train,SPLIT-001,42
A-0602,A_full_set,dataset/audio/A_full_set/603_Engine-A.wav,2091.761581296844,-31.24212518294006,1,0,R1_T0,train,SPLIT-001,42
A-0603,A_full_set,dataset/audio/A_full_set/604_Engine-A.wav,2700.142882122257,-55.29851701524522,1,0,R1_T0,validation,SPLIT-001,42
A-0604,A_full_set,dataset/audio/A_full_set/605_Engine-A.wav,2723.242317561777,694.6790327598441,1,3,R1_T3,validation,SPLIT-001,42
A-0605,A_full_set,dataset/audio/A_full_set/606_Engine-A.wav,4459.057958399663,258.0856854146947,2,3,R2_T3,train,SPLIT-001,42
A-0606,A_full_set,dataset/audio/A_full_set/607_Engine-A.wav,2782.975090874566,-71.60093653815872,1,0,R1_T0,train,SPLIT-001,42
A-0607,A_full_set,dataset/audio/A_full_set/608_Engine-A.wav,1805.022905769962,-24.376248329937816,1,0,R1_T0,test,SPLIT-001,42
A-0608,A_full_set,dataset/audio/A_full_set/609_Engine-A.wav,2582.9469959910325,-46.64972253608187,1,0,R1_T0,test,SPLIT-001,42
A-0609,A_full_set,dataset/audio/A_full_set/610_Engine-A.wav,4533.345983989203,163.0297610415748,3,2,R3_T2,train,SPLIT-001,42
A-0610,A_full_set,dataset/audio/A_full_set/611_Engine-A.wav,1376.242829402934,-76.641287713193,0,0,R0_T0,train,SPLIT-001,42
A-0611,A_full_set,dataset/audio/A_full_set/612_Engine-A.wav,4229.668892191317,157.2857292112476,2,2,R2_T2,train,SPLIT-001,42
A-0612,A_full_set,dataset/audio/A_full_set/613_Engine-A.wav,2997.5451312782266,198.2235938913485,2,2,R2_T2,train,SPLIT-001,42
A-0613,A_full_set,dataset/audio/A_full_set/614_Engine-A.wav,803.9410392120278,28.457724149957254,0,1,R0_T1,train,SPLIT-001,42
A-0614,A_full_set,dataset/audio/A_full_set/615_Engine-A.wav,1778.7747246140063,8.344823118793933,0,1,R0_T1,train,SPLIT-001,42
A-0615,A_full_set,dataset/audio/A_full_set/616_Engine-A.wav,3873.121395239381,-9.96824882490218,2,1,R2_T1,validation,SPLIT-001,42
A-0616,A_full_set,dataset/audio/A_full_set/617_Engine-A.wav,5503.539956359036,325.4933320539108,3,3,R3_T3,validation,SPLIT-001,42
A-0617,A_full_set,dataset/audio/A_full_set/618_Engine-A.wav,1968.0941341369128,-28.668275228360805,1,0,R1_T0,test,SPLIT-001,42
A-0618,A_full_set,dataset/audio/A_full_set/619_Engine-A.wav,1809.2631191464525,335.08513728577884,1,3,R1_T3,train,SPLIT-001,42
A-0619,A_full_set,dataset/audio/A_full_set/620_Engine-A.wav,1999.2317018793203,-27.231622866498743,1,0,R1_T0,train,SPLIT-001,42
A-0620,A_full_set,dataset/audio/A_full_set/621_Engine-A.wav,1197.33682382972,-9.928169990739514,0,1,R0_T1,train,SPLIT-001,42
A-0621,A_full_set,dataset/audio/A_full_set/622_Engine-A.wav,4557.47627527087,-73.69610959598366,3,0,R3_T0,test,SPLIT-001,42
A-0622,A_full_set,dataset/audio/A_full_set/623_Engine-A.wav,4824.830770370162,450.2617060159021,3,3,R3_T3,train,SPLIT-001,42
A-0623,A_full_set,dataset/audio/A_full_set/624_Engine-A.wav,1035.276063657764,-6.573680235661345,0,1,R0_T1,train,SPLIT-001,42
A-0624,A_full_set,dataset/audio/A_full_set/625_Engine-A.wav,2557.86699089078,356.37638021510656,1,3,R1_T3,train,SPLIT-001,42
A-0625,A_full_set,dataset/audio/A_full_set/626_Engine-A.wav,1247.9883690190509,13.401682370400364,0,1,R0_T1,train,SPLIT-001,42
A-0626,A_full_set,dataset/audio/A_full_set/627_Engine-A.wav,1042.9437515253055,44.84600802222808,0,1,R0_T1,train,SPLIT-001,42
A-0627,A_full_set,dataset/audio/A_full_set/628_Engine-A.wav,1181.8402009730291,-8.624473863308973,0,1,R0_T1,train,SPLIT-001,42
A-0628,A_full_set,dataset/audio/A_full_set/629_Engine-A.wav,2222.5661213158915,-75.7573698400482,1,0,R1_T0,validation,SPLIT-001,42
A-0629,A_full_set,dataset/audio/A_full_set/630_Engine-A.wav,4525.276060074063,26.914783579818277,3,1,R3_T1,train,SPLIT-001,42
A-0630,A_full_set,dataset/audio/A_full_set/631_Engine-A.wav,2251.0669790955417,-68.76529548872455,1,0,R1_T0,train,SPLIT-001,42
A-0631,A_full_set,dataset/audio/A_full_set/632_Engine-A.wav,1344.8915771029506,109.5109654765142,0,2,R0_T2,validation,SPLIT-001,42
A-0632,A_full_set,dataset/audio/A_full_set/633_Engine-A.wav,1201.7758640816542,-34.02835241178187,0,0,R0_T0,train,SPLIT-001,42
A-0633,A_full_set,dataset/audio/A_full_set/634_Engine-A.wav,3006.991051858471,330.0955847746903,2,3,R2_T3,validation,SPLIT-001,42
A-0634,A_full_set,dataset/audio/A_full_set/635_Engine-A.wav,2344.2875978423326,207.1194229539494,1,2,R1_T2,validation,SPLIT-001,42
A-0635,A_full_set,dataset/audio/A_full_set/636_Engine-A.wav,6335.846256772313,448.9884208648577,3,3,R3_T3,train,SPLIT-001,42
A-0636,A_full_set,dataset/audio/A_full_set/637_Engine-A.wav,4355.261093066409,695.2903916438421,2,3,R2_T3,train,SPLIT-001,42
A-0637,A_full_set,dataset/audio/A_full_set/638_Engine-A.wav,2846.249057800789,-71.10829748758455,1,0,R1_T0,train,SPLIT-001,42
A-0638,A_full_set,dataset/audio/A_full_set/639_Engine-A.wav,5092.50214997992,162.0675850948344,3,2,R3_T2,train,SPLIT-001,42
A-0639,A_full_set,dataset/audio/A_full_set/640_Engine-A.wav,946.3954303970784,-6.727337312838199,0,1,R0_T1,train,SPLIT-001,42
A-0640,A_full_set,dataset/audio/A_full_set/641_Engine-A.wav,5097.887218595745,-82.18111554701964,3,0,R3_T0,test,SPLIT-001,42
A-0641,A_full_set,dataset/audio/A_full_set/642_Engine-A.wav,6518.719304092531,161.73703573583586,3,2,R3_T2,train,SPLIT-001,42
A-0642,A_full_set,dataset/audio/A_full_set/643_Engine-A.wav,1775.918362617493,10.66278009414673,0,1,R0_T1,test,SPLIT-001,42
A-0643,A_full_set,dataset/audio/A_full_set/644_Engine-A.wav,738.5591648379392,-6.5931677161135775,0,1,R0_T1,train,SPLIT-001,42
A-0644,A_full_set,dataset/audio/A_full_set/645_Engine-A.wav,4521.8460853183815,461.1081193649995,3,3,R3_T3,train,SPLIT-001,42
A-0645,A_full_set,dataset/audio/A_full_set/646_Engine-A.wav,728.4061023234848,-6.889053821090198,0,1,R0_T1,train,SPLIT-001,42
A-0646,A_full_set,dataset/audio/A_full_set/647_Engine-A.wav,2691.856969907446,188.2484031796771,1,2,R1_T2,train,SPLIT-001,42
A-0647,A_full_set,dataset/audio/A_full_set/648_Engine-A.wav,2116.1301207090137,164.03173503513904,1,2,R1_T2,train,SPLIT-001,42
A-0648,A_full_set,dataset/audio/A_full_set/649_Engine-A.wav,5125.0754951709705,32.3385298852959,3,1,R3_T1,train,SPLIT-001,42
A-0649,A_full_set,dataset/audio/A_full_set/650_Engine-A.wav,963.5614245998702,-6.265196068521464,0,1,R0_T1,train,SPLIT-001,42
A-0650,A_full_set,dataset/audio/A_full_set/651_Engine-A.wav,1502.3568688247458,59.66814708579314,0,1,R0_T1,validation,SPLIT-001,42
A-0651,A_full_set,dataset/audio/A_full_set/652_Engine-A.wav,952.6845668389544,18.758109333069346,0,1,R0_T1,train,SPLIT-001,42
A-0652,A_full_set,dataset/audio/A_full_set/653_Engine-A.wav,5213.4998977991945,426.0883624896125,3,3,R3_T3,validation,SPLIT-001,42
A-0653,A_full_set,dataset/audio/A_full_set/654_Engine-A.wav,5732.411451262187,132.5136747592833,3,2,R3_T2,test,SPLIT-001,42
A-0654,A_full_set,dataset/audio/A_full_set/655_Engine-A.wav,2244.365686452809,191.3104532340032,1,2,R1_T2,validation,SPLIT-001,42
A-0655,A_full_set,dataset/audio/A_full_set/656_Engine-A.wav,1088.9012373533824,-2.33472001632588,0,1,R0_T1,train,SPLIT-001,42
A-0656,A_full_set,dataset/audio/A_full_set/657_Engine-A.wav,1499.6210582748445,15.613599506790989,0,1,R0_T1,validation,SPLIT-001,42
A-0657,A_full_set,dataset/audio/A_full_set/658_Engine-A.wav,1948.9456018538533,74.04822634168691,1,2,R1_T2,test,SPLIT-001,42
A-0658,A_full_set,dataset/audio/A_full_set/659_Engine-A.wav,1343.0218242844594,52.11578548126001,0,1,R0_T1,validation,SPLIT-001,42
A-0659,A_full_set,dataset/audio/A_full_set/660_Engine-A.wav,3313.109780391704,-58.92000492995347,2,0,R2_T0,train,SPLIT-001,42
A-0660,A_full_set,dataset/audio/A_full_set/661_Engine-A.wav,3611.724637212797,-57.65548847379728,2,0,R2_T0,train,SPLIT-001,42
A-0661,A_full_set,dataset/audio/A_full_set/662_Engine-A.wav,1346.9715128746136,-15.002479036326008,0,1,R0_T1,train,SPLIT-001,42
A-0662,A_full_set,dataset/audio/A_full_set/663_Engine-A.wav,6552.689266139274,-14.178526718391398,3,1,R3_T1,train,SPLIT-001,42
A-0663,A_full_set,dataset/audio/A_full_set/664_Engine-A.wav,2010.346919734304,245.3399271564432,1,3,R1_T3,train,SPLIT-001,42
A-0664,A_full_set,dataset/audio/A_full_set/665_Engine-A.wav,1537.773480195663,-59.58547023576773,0,0,R0_T0,train,SPLIT-001,42
A-0665,A_full_set,dataset/audio/A_full_set/666_Engine-A.wav,1368.027572321698,131.38732569004463,0,2,R0_T2,train,SPLIT-001,42
A-0666,A_full_set,dataset/audio/A_full_set/667_Engine-A.wav,1815.588925749768,167.50137913753906,1,2,R1_T2,train,SPLIT-001,42
A-0667,A_full_set,dataset/audio/A_full_set/668_Engine-A.wav,1450.4571470141734,-76.77898014140969,0,0,R0_T0,train,SPLIT-001,42
A-0668,A_full_set,dataset/audio/A_full_set/669_Engine-A.wav,1200.6491392791152,96.25928614564792,0,2,R0_T2,train,SPLIT-001,42
A-0669,A_full_set,dataset/audio/A_full_set/670_Engine-A.wav,4461.597777203302,-13.162846558660434,2,1,R2_T1,validation,SPLIT-001,42
A-0670,A_full_set,dataset/audio/A_full_set/671_Engine-A.wav,3710.551106315964,338.76553326118284,2,3,R2_T3,train,SPLIT-001,42
A-0671,A_full_set,dataset/audio/A_full_set/672_Engine-A.wav,3164.096865356776,264.3316078702932,2,3,R2_T3,train,SPLIT-001,42
A-0672,A_full_set,dataset/audio/A_full_set/673_Engine-A.wav,3691.244095903102,329.7531939974322,2,3,R2_T3,train,SPLIT-001,42
A-0673,A_full_set,dataset/audio/A_full_set/674_Engine-A.wav,5154.239024444001,-95.75261511453768,3,0,R3_T0,train,SPLIT-001,42
A-0674,A_full_set,dataset/audio/A_full_set/675_Engine-A.wav,2053.598419437564,167.3102269780022,1,2,R1_T2,train,SPLIT-001,42
A-0675,A_full_set,dataset/audio/A_full_set/676_Engine-A.wav,4847.0705669963045,162.6827729966693,3,2,R3_T2,train,SPLIT-001,42
A-0676,A_full_set,dataset/audio/A_full_set/677_Engine-A.wav,2570.977950677639,64.23109406055151,1,1,R1_T1,train,SPLIT-001,42
A-0677,A_full_set,dataset/audio/A_full_set/678_Engine-A.wav,5124.162250751425,318.9710640467059,3,3,R3_T3,train,SPLIT-001,42
A-0678,A_full_set,dataset/audio/A_full_set/679_Engine-A.wav,5748.917017802824,450.5175415157423,3,3,R3_T3,train,SPLIT-001,42
A-0679,A_full_set,dataset/audio/A_full_set/680_Engine-A.wav,3316.314785040416,327.6621775501398,2,3,R2_T3,train,SPLIT-001,42
A-0680,A_full_set,dataset/audio/A_full_set/681_Engine-A.wav,1515.47154545784,499.1007631421089,0,3,R0_T3,test,SPLIT-001,42
A-0681,A_full_set,dataset/audio/A_full_set/682_Engine-A.wav,1196.3491135882953,54.510945010752906,0,1,R0_T1,train,SPLIT-001,42
A-0682,A_full_set,dataset/audio/A_full_set/683_Engine-A.wav,2830.4296204049424,130.73793797485305,1,2,R1_T2,train,SPLIT-001,42
A-0683,A_full_set,dataset/audio/A_full_set/684_Engine-A.wav,5743.486949744909,-36.76438111922928,3,0,R3_T0,validation,SPLIT-001,42
A-0684,A_full_set,dataset/audio/A_full_set/685_Engine-A.wav,5022.779033112978,-80.43157319066324,3,0,R3_T0,train,SPLIT-001,42
A-0685,A_full_set,dataset/audio/A_full_set/686_Engine-A.wav,3637.5782560849902,169.22242627234317,2,2,R2_T2,train,SPLIT-001,42
A-0686,A_full_set,dataset/audio/A_full_set/687_Engine-A.wav,6367.29667609251,-99.25678229030174,3,0,R3_T0,train,SPLIT-001,42
A-0687,A_full_set,dataset/audio/A_full_set/688_Engine-A.wav,951.9263628201606,-7.085847243284568,0,1,R0_T1,validation,SPLIT-001,42
A-0688,A_full_set,dataset/audio/A_full_set/689_Engine-A.wav,4500.188165370042,391.4490858455338,3,3,R3_T3,test,SPLIT-001,42
A-0689,A_full_set,dataset/audio/A_full_set/690_Engine-A.wav,2664.8086821806787,-53.924902577387286,1,0,R1_T0,test,SPLIT-001,42
A-0690,A_full_set,dataset/audio/A_full_set/691_Engine-A.wav,4395.80692094839,85.23954779151978,2,2,R2_T2,train,SPLIT-001,42
A-0691,A_full_set,dataset/audio/A_full_set/692_Engine-A.wav,1931.864503793277,-22.322763582555257,1,0,R1_T0,validation,SPLIT-001,42
A-0692,A_full_set,dataset/audio/A_full_set/693_Engine-A.wav,6055.806488971039,159.38169134329564,3,2,R3_T2,train,SPLIT-001,42
A-0693,A_full_set,dataset/audio/A_full_set/694_Engine-A.wav,3580.4420311877416,111.19682784429628,2,2,R2_T2,train,SPLIT-001,42
A-0694,A_full_set,dataset/audio/A_full_set/695_Engine-A.wav,5116.836730479323,453.6498841681472,3,3,R3_T3,train,SPLIT-001,42
A-0695,A_full_set,dataset/audio/A_full_set/696_Engine-A.wav,1403.8420705614374,-50.54962747465304,0,0,R0_T0,train,SPLIT-001,42
A-0696,A_full_set,dataset/audio/A_full_set/697_Engine-A.wav,4213.7238875001485,325.6825773528884,2,3,R2_T3,train,SPLIT-001,42
A-0697,A_full_set,dataset/audio/A_full_set/698_Engine-A.wav,1513.501427791737,387.6610147702443,0,3,R0_T3,train,SPLIT-001,42
A-0698,A_full_set,dataset/audio/A_full_set/699_Engine-A.wav,3063.816503716032,260.0572392740224,2,3,R2_T3,train,SPLIT-001,42
A-0699,A_full_set,dataset/audio/A_full_set/700_Engine-A.wav,6966.993891144141,109.47199205949876,3,2,R3_T2,test,SPLIT-001,42
A-0700,A_full_set,dataset/audio/A_full_set/701_Engine-A.wav,2065.493698947152,166.49904256267598,1,2,R1_T2,train,SPLIT-001,42
A-0701,A_full_set,dataset/audio/A_full_set/702_Engine-A.wav,3176.066918101737,496.1100115168708,2,3,R2_T3,train,SPLIT-001,42
A-0702,A_full_set,dataset/audio/A_full_set/703_Engine-A.wav,2711.105212450974,320.1646117109155,1,3,R1_T3,test,SPLIT-001,42
A-0703,A_full_set,dataset/audio/A_full_set/704_Engine-A.wav,1044.8501485303916,-6.6032052150786535,0,1,R0_T1,train,SPLIT-001,42
A-0704,A_full_set,dataset/audio/A_full_set/705_Engine-A.wav,4636.977789653995,530.348050600791,3,3,R3_T3,train,SPLIT-001,42
A-0705,A_full_set,dataset/audio/A_full_set/706_Engine-A.wav,3129.759877936304,172.32311290131028,2,2,R2_T2,validation,SPLIT-001,42
A-0706,A_full_set,dataset/audio/A_full_set/707_Engine-A.wav,3335.292901966953,-58.93747727722334,2,0,R2_T0,train,SPLIT-001,42
A-0707,A_full_set,dataset/audio/A_full_set/708_Engine-A.wav,2984.1568928747,165.85065815829972,1,2,R1_T2,test,SPLIT-001,42
A-0708,A_full_set,dataset/audio/A_full_set/709_Engine-A.wav,5250.857743984316,321.7620371996872,3,3,R3_T3,train,SPLIT-001,42
A-0709,A_full_set,dataset/audio/A_full_set/710_Engine-A.wav,4220.999386199348,453.9787724583918,2,3,R2_T3,test,SPLIT-001,42
A-0710,A_full_set,dataset/audio/A_full_set/711_Engine-A.wav,1375.3334112606722,-12.609768895921992,0,1,R0_T1,train,SPLIT-001,42
A-0711,A_full_set,dataset/audio/A_full_set/712_Engine-A.wav,4960.405950882247,-78.81162596911919,3,0,R3_T0,train,SPLIT-001,42
A-0712,A_full_set,dataset/audio/A_full_set/713_Engine-A.wav,6011.756926611529,455.0675052393507,3,3,R3_T3,train,SPLIT-001,42
A-0713,A_full_set,dataset/audio/A_full_set/714_Engine-A.wav,4595.995557728175,463.925251637694,3,3,R3_T3,train,SPLIT-001,42
A-0714,A_full_set,dataset/audio/A_full_set/715_Engine-A.wav,1805.2480873376696,163.6405228405464,1,2,R1_T2,train,SPLIT-001,42
A-0715,A_full_set,dataset/audio/A_full_set/716_Engine-A.wav,3251.2808202728024,173.834077064907,2,2,R2_T2,validation,SPLIT-001,42
A-0716,A_full_set,dataset/audio/A_full_set/717_Engine-A.wav,4796.242298747318,115.41084923605987,3,2,R3_T2,train,SPLIT-001,42
A-0717,A_full_set,dataset/audio/A_full_set/718_Engine-A.wav,5839.576589382761,-36.077246006911366,3,0,R3_T0,validation,SPLIT-001,42
A-0718,A_full_set,dataset/audio/A_full_set/719_Engine-A.wav,6128.67516618434,35.312183762630475,3,1,R3_T1,train,SPLIT-001,42
A-0719,A_full_set,dataset/audio/A_full_set/720_Engine-A.wav,2721.3806819140427,171.4632022413135,1,2,R1_T2,train,SPLIT-001,42
A-0720,A_full_set,dataset/audio/A_full_set/721_Engine-A.wav,2541.2274916320634,162.84350666573377,1,2,R1_T2,validation,SPLIT-001,42
A-0721,A_full_set,dataset/audio/A_full_set/722_Engine-A.wav,2473.92672355259,-42.68365684240491,1,0,R1_T0,test,SPLIT-001,42
A-0722,A_full_set,dataset/audio/A_full_set/723_Engine-A.wav,6673.920889758161,166.8298424982498,3,2,R3_T2,train,SPLIT-001,42
A-0723,A_full_set,dataset/audio/A_full_set/724_Engine-A.wav,1936.4158216853773,-28.41814852665433,1,0,R1_T0,train,SPLIT-001,42
A-0724,A_full_set,dataset/audio/A_full_set/725_Engine-A.wav,6234.393222157548,48.52857693101009,3,1,R3_T1,train,SPLIT-001,42
A-0725,A_full_set,dataset/audio/A_full_set/726_Engine-A.wav,3714.229250858793,-62.98499389069513,2,0,R2_T0,validation,SPLIT-001,42
A-0726,A_full_set,dataset/audio/A_full_set/727_Engine-A.wav,2105.647022578464,322.89170958716005,1,3,R1_T3,train,SPLIT-001,42
A-0727,A_full_set,dataset/audio/A_full_set/728_Engine-A.wav,1651.9438919394906,261.471641238837,0,3,R0_T3,validation,SPLIT-001,42
A-0728,A_full_set,dataset/audio/A_full_set/729_Engine-A.wav,1252.8990649918553,-5.292603924345518,0,1,R0_T1,train,SPLIT-001,42
A-0729,A_full_set,dataset/audio/A_full_set/730_Engine-A.wav,4061.3488701300894,452.067132655198,2,3,R2_T3,train,SPLIT-001,42
A-0730,A_full_set,dataset/audio/A_full_set/731_Engine-A.wav,1420.505761454099,-14.209172938897357,0,1,R0_T1,train,SPLIT-001,42
A-0731,A_full_set,dataset/audio/A_full_set/732_Engine-A.wav,2257.306444070832,-22.94107250046122,1,0,R1_T0,train,SPLIT-001,42
A-0732,A_full_set,dataset/audio/A_full_set/733_Engine-A.wav,2810.6801232025227,35.04493020737397,1,1,R1_T1,test,SPLIT-001,42
A-0733,A_full_set,dataset/audio/A_full_set/734_Engine-A.wav,1381.8259133232964,-12.910167053139952,0,1,R0_T1,train,SPLIT-001,42
A-0734,A_full_set,dataset/audio/A_full_set/735_Engine-A.wav,3923.063528808681,162.87497064155158,2,2,R2_T2,test,SPLIT-001,42
A-0735,A_full_set,dataset/audio/A_full_set/736_Engine-A.wav,5507.90344899909,191.0234666839848,3,2,R3_T2,train,SPLIT-001,42
A-0736,A_full_set,dataset/audio/A_full_set/737_Engine-A.wav,2527.1096304503235,321.8798743870846,1,3,R1_T3,train,SPLIT-001,42
A-0737,A_full_set,dataset/audio/A_full_set/738_Engine-A.wav,3890.89563974725,112.50573055334551,2,2,R2_T2,train,SPLIT-001,42
A-0738,A_full_set,dataset/audio/A_full_set/739_Engine-A.wav,1478.6785244618652,1.9253001432754808,0,1,R0_T1,validation,SPLIT-001,42
A-0739,A_full_set,dataset/audio/A_full_set/740_Engine-A.wav,1851.1830110213943,-27.931771368838263,1,0,R1_T0,train,SPLIT-001,42
A-0740,A_full_set,dataset/audio/A_full_set/741_Engine-A.wav,2329.5330807445494,26.752831477136795,1,1,R1_T1,validation,SPLIT-001,42
A-0741,A_full_set,dataset/audio/A_full_set/742_Engine-A.wav,1549.2459589226785,-20.38947139005997,0,1,R0_T1,validation,SPLIT-001,42
A-0742,A_full_set,dataset/audio/A_full_set/743_Engine-A.wav,6595.045700394359,108.94759950602626,3,2,R3_T2,train,SPLIT-001,42
A-0743,A_full_set,dataset/audio/A_full_set/744_Engine-A.wav,775.7370118945287,20.489797161074144,0,1,R0_T1,train,SPLIT-001,42
A-0744,A_full_set,dataset/audio/A_full_set/745_Engine-A.wav,6611.518476612014,213.6892866054584,3,2,R3_T2,test,SPLIT-001,42
A-0745,A_full_set,dataset/audio/A_full_set/746_Engine-A.wav,3393.124677042974,211.94439544264216,2,2,R2_T2,validation,SPLIT-001,42
A-0746,A_full_set,dataset/audio/A_full_set/747_Engine-A.wav,2112.5382772220178,164.84356272984022,1,2,R1_T2,train,SPLIT-001,42
A-0747,A_full_set,dataset/audio/A_full_set/748_Engine-A.wav,4804.353629748027,229.8016102578905,3,3,R3_T3,train,SPLIT-001,42
A-0748,A_full_set,dataset/audio/A_full_set/749_Engine-A.wav,3889.6688620863592,171.75071685354715,2,2,R2_T2,train,SPLIT-001,42
A-0749,A_full_set,dataset/audio/A_full_set/750_Engine-A.wav,6362.74916196395,163.07188764602722,3,2,R3_T2,test,SPLIT-001,42
A-0750,A_full_set,dataset/audio/A_full_set/751_Engine-A.wav,1242.3406254631393,2.2663713987603744,0,1,R0_T1,train,SPLIT-001,42
A-0751,A_full_set,dataset/audio/A_full_set/752_Engine-A.wav,905.7881572459004,-8.014140742840153,0,1,R0_T1,train,SPLIT-001,42
A-0752,A_full_set,dataset/audio/A_full_set/753_Engine-A.wav,917.0878344974104,137.17255807487217,0,2,R0_T2,train,SPLIT-001,42
A-0753,A_full_set,dataset/audio/A_full_set/754_Engine-A.wav,3358.40619818628,-82.15763185082412,2,0,R2_T0,train,SPLIT-001,42
A-0754,A_full_set,dataset/audio/A_full_set/755_Engine-A.wav,4195.2453022991385,-67.74847368359326,2,0,R2_T0,train,SPLIT-001,42
A-0755,A_full_set,dataset/audio/A_full_set/756_Engine-A.wav,2084.045314852004,-20.75520505332273,1,0,R1_T0,train,SPLIT-001,42
A-0756,A_full_set,dataset/audio/A_full_set/757_Engine-A.wav,1190.9173515754017,56.272848227482825,0,1,R0_T1,train,SPLIT-001,42
A-0757,A_full_set,dataset/audio/A_full_set/758_Engine-A.wav,1643.0779743969924,-18.10066698689448,0,1,R0_T1,validation,SPLIT-001,42
A-0758,A_full_set,dataset/audio/A_full_set/759_Engine-A.wav,1362.600637743603,-14.82219331076325,0,1,R0_T1,test,SPLIT-001,42
A-0759,A_full_set,dataset/audio/A_full_set/760_Engine-A.wav,3004.0271107743424,668.1303964526995,2,3,R2_T3,validation,SPLIT-001,42
A-0760,A_full_set,dataset/audio/A_full_set/761_Engine-A.wav,5425.843685946167,316.1129708535626,3,3,R3_T3,train,SPLIT-001,42
A-0761,A_full_set,dataset/audio/A_full_set/762_Engine-A.wav,4801.011534693442,140.74844019199776,3,2,R3_T2,train,SPLIT-001,42
A-0762,A_full_set,dataset/audio/A_full_set/763_Engine-A.wav,2226.300170298837,169.1088078920111,1,2,R1_T2,train,SPLIT-001,42
A-0763,A_full_set,dataset/audio/A_full_set/764_Engine-A.wav,3392.037794325087,702.6943020704316,2,3,R2_T3,train,SPLIT-001,42
A-0764,A_full_set,dataset/audio/A_full_set/765_Engine-A.wav,1227.2826150826968,-9.118598328050236,0,1,R0_T1,test,SPLIT-001,42
A-0765,A_full_set,dataset/audio/A_full_set/766_Engine-A.wav,2635.333650997338,-48.11187821675122,1,0,R1_T0,train,SPLIT-001,42
A-0766,A_full_set,dataset/audio/A_full_set/767_Engine-A.wav,1277.774110396057,-10.040096396676248,0,1,R0_T1,train,SPLIT-001,42
